,Compound,Negative,Neutral,Positive,Source,Tweet Date,Tweet Text,Tweets Ago
0,-0.5423,0.149,0.149,0.0,@BBC,2018-03-29 18:14:24,"@BBC If they don't inform you, it's a crime because you are Prime Minister of this country and it's a diplomatic is‚Ä¶ https://t.co/VwKXbPubca",1
1,0.3415,0.0,0.0,0.099,@BBC,2018-03-29 18:14:20,"RT @Femi_Sorry: Oh and as a side note @BBC, even by your somewhat special definition of balance, putting me in a room with 5 brexiters, and‚Ä¶",2
2,0.8689,0.0,0.0,0.412,@BBC,2018-03-29 18:14:07,Thanks to the @BBC and Ewan and Colin McGregor for a beautiful and respectful documentary on the @RoyalAirForce,3
3,0.0,0.0,0.0,0.0,@BBC,2018-03-29 18:13:52,Someone should get a job @BBC @TheEconomist or any polling agency. https://t.co/xhUZOgfSBw,4
4,0.3415,0.0,0.0,0.099,@BBC,2018-03-29 18:13:35,"RT @Femi_Sorry: Oh and as a side note @BBC, even by your somewhat special definition of balance, putting me in a room with 5 brexiters, and‚Ä¶",5
5,0.3415,0.0,0.0,0.099,@BBC,2018-03-29 18:13:02,"RT @Femi_Sorry: Oh and as a side note @BBC, even by your somewhat special definition of balance, putting me in a room with 5 brexiters, and‚Ä¶",6
6,0.4522,0.1,0.1,0.179,@BBC,2018-03-29 18:12:18,"RT @BBC: ‚ù§Ô∏è 'That was it I just totally fell in love with art.'

üé∂ How grime changed Ade Adesina's life. https://t.co/eDyh75YBvl",7
7,0.4404,0.0,0.0,0.127,@BBC,2018-03-29 18:12:17,"@JCSTheMusical @nbc ALW ,didn't write the hits. Hope there will be old copy found. He acquired the hits illegally w‚Ä¶ https://t.co/3Zo2YRYtYa",8
8,0.4939,0.0,0.0,0.186,@BBC,2018-03-29 18:12:05,"RT @LRobertols: @CAT_memoria @QuicoSalles @DerSPIEGEL @ScotNational @BBC @nytimes 

police with pepper spray against peaceful population",9
9,-0.3164,0.364,0.364,0.0,@BBC,2018-03-29 18:11:31,RT @BBC: ‚úä Plastic protest! https://t.co/9m59wayYH8,10
10,0.0772,0.0,0.0,0.067,@BBC,2018-03-29 18:10:46,"RT @LJRoue: Today has been intense - re-launch of the @MENBusinessDesk magazine, morning chat with @LeeDentithDrNow about telehealth and a‚Ä¶",11
11,-0.3612,0.122,0.122,0.0,@BBC,2018-03-29 18:09:55,RT @HAKKIYEMEZLER: Detention of Turkish nationals in KOSOVO and their unlawful extradition to Turkey. Turkish spy agency transfers 6 abduct‚Ä¶,12
12,-0.6908,0.213,0.213,0.0,@BBC,2018-03-29 18:09:50,RT @scarlettpeach: Biggest example of #BBCBrexitBias is the obsession with Nigel Farage who has failed to be elected as an MP (can't rememb‚Ä¶,13
13,-0.3612,0.161,0.161,0.0,@BBC,2018-03-29 18:09:40,@benking01 @TheEconomist @colourblindorg @Economist is a repeat offender against the #colourblind regarding the vis‚Ä¶ https://t.co/EKQdMbahZ3,14
14,0.0,0.0,0.0,0.0,@BBC,2018-03-29 18:09:29,"RT @TookEnglandBack: What we need is for all Remoaner traitors, @bbc and @SkyNews journalists to be SACKED and replaced with cheaper East E‚Ä¶",15
15,-0.5719,0.236,0.236,0.0,@BBC,2018-03-29 18:08:55,@The_Leaver @HuntedTeamNick @mrchrisnewton @carolecadwalla @BBC What a pathetic interpretation of Nick‚Äôs tweet. The‚Ä¶ https://t.co/vPneBas5O7,16
16,-0.7351,0.228,0.228,0.0,@BBC,2018-03-29 18:08:47,"RT @Hmmckenna: Democracy is failing üôÅ

The biggest election scandal the UK has ever witnessed. Yet you couldn‚Äôt fill a red bus with the num‚Ä¶",17
17,0.784,0.0,0.0,0.317,@BBC,2018-03-29 18:08:44,RT @BBC: üê∂‚ù§Ô∏è Biscuit the robotic pup is helping the elderly cope with conditions like dementia. What a good boy! https://t.co/5vpg6KS031,18
18,0.0,0.0,0.0,0.0,@BBC,2018-03-29 18:08:37,@BBC I'm in! @LukeyBonthetrak you in?,19
19,-0.4588,0.111,0.111,0.044,@BBC,2018-03-29 18:08:28,"RT @BBC: The number of children living in relative poverty in the UK has risen to 4.1m. 

This is the story of Tyler, one of those children‚Ä¶",20
20,0.0,0.0,0.0,0.0,@BBC,2018-03-29 18:08:14,"@CNN @Foxnews @BBC @reuters 

Check out @RafatiMarah‚Äôs Tweet: https://t.co/YL7IHAIOSH",21
21,0.3182,0.0,0.0,0.223,@BBC,2018-03-29 18:07:49,@BBC @Avi_L_Hamilton_ I think having a Bee as a pet is cool,22
22,-0.7861,0.274,0.274,0.0,@BBC,2018-03-29 18:07:38,No one want's to pay to hear a LIAR! @MSNBC @NBC @ABC @CBS @CNN @BBC Hillary Clinton is back in N.J. today for a so‚Ä¶ https://t.co/5ZH1FgMJxv,23
23,-0.6177,0.24,0.24,0.0,@BBC,2018-03-29 18:07:20,"RT @nyeannebevan: @cosmiclandmine He's completely involved in this propaganda smear!  He's got form - remember his cringeworthy ""staged"" pe‚Ä¶",24
24,0.0,0.0,0.0,0.0,@BBC,2018-03-29 18:06:55,"RT @BBC: üéπüé∂ Why it's never too late to learn an instrument. 
üëâ https://t.co/lbBppX8XlO

#PianoDay https://t.co/x1CegC7iho",25
25,-0.3164,0.364,0.364,0.0,@BBC,2018-03-29 18:06:54,RT @BBC: ‚úä Plastic protest! https://t.co/9m59wayYH8,26
26,0.3415,0.0,0.0,0.099,@BBC,2018-03-29 18:06:45,"RT @Femi_Sorry: Oh and as a side note @BBC, even by your somewhat special definition of balance, putting me in a room with 5 brexiters, and‚Ä¶",27
27,-0.3612,0.122,0.122,0.0,@BBC,2018-03-29 18:06:36,RT @HAKKIYEMEZLER: Detention of Turkish nationals in KOSOVO and their unlawful extradition to Turkey. Turkish spy agency transfers 6 abduct‚Ä¶,28
28,0.0,0.0,0.0,0.0,@BBC,2018-03-29 18:05:46,@BBC Thread: https://t.co/ioBQgfccGC,29
29,-0.5719,0.198,0.198,0.0,@BBC,2018-03-29 18:05:17,"RT @GhioLena: Under the chaos, there are Angels https://t.co/QNKxFaaI5I @BBCScienceNews  @BBC @BBCWorld @BBCEarth @bbcarts @BBCFrontRow @CN‚Ä¶",30
30,-0.3612,0.122,0.122,0.0,@BBC,2018-03-29 18:05:16,RT @HAKKIYEMEZLER: Detention of Turkish nationals in KOSOVO and their unlawful extradition to Turkey. Turkish spy agency transfers 6 abduct‚Ä¶,31
31,0.0,0.0,0.0,0.0,@BBC,2018-03-29 18:05:15,"""The barristers' profession represents everyone in society. The only way to do that is if we remove the barriors"" -‚Ä¶ https://t.co/lECfsKqHrQ",32
32,0.8331,0.0,0.0,0.343,@BBC,2018-03-29 18:04:58,RT @GhioLena: Transdisciplinary Art at its best and reason to HOPE: https://t.co/F1zWA8Qruo @BBCScienceNews  @BBC @BBCWorld @BBCEarth @bbca‚Ä¶,33
33,-0.5413,0.17,0.17,0.0,@BBC,2018-03-29 18:04:43,@medialens @ggreenwald @BBCNews @BBC journalists are exceptionally arrogant. It‚Äôs not just one or two of them. Neve‚Ä¶ https://t.co/5jihMJRuWf,34
34,-0.3612,0.122,0.122,0.0,@BBC,2018-03-29 18:04:37,RT @HAKKIYEMEZLER: Detention of Turkish nationals in KOSOVO and their unlawful extradition to Turkey. Turkish spy agency transfers 6 abduct‚Ä¶,35
35,0.0,0.0,0.0,0.0,@BBC,2018-03-29 18:04:24,@ABCaustralia @newyorktimes110 @guardian @ScotNational @BBC @NZZ  @Y7News @ScotNational https://t.co/DILxcl3FAm,36
36,0.2732,0.0,0.0,0.344,@BBC,2018-03-29 18:04:21,@jongerlachfit @BBC Oh well. ü§∑üèª‚Äç‚ôÇÔ∏è,37
37,-0.3164,0.364,0.364,0.0,@BBC,2018-03-29 18:04:19,RT @BBC: ‚úä Plastic protest! https://t.co/9m59wayYH8,38
38,-0.3612,0.122,0.122,0.0,@BBC,2018-03-29 18:04:19,RT @HAKKIYEMEZLER: Detention of Turkish nationals in KOSOVO and their unlawful extradition to Turkey. Turkish spy agency transfers 6 abduct‚Ä¶,39
39,0.0,0.0,0.0,0.0,@BBC,2018-03-29 18:04:03,@evertonfc2 @albaforeurope @MichaelLCrick @Conservatives @BBC @BBCNews Same with @GOP Copland trumpstain in America‚Ä¶ https://t.co/TQoeQfygTm,40
40,-0.3164,0.364,0.364,0.0,@BBC,2018-03-29 18:03:45,RT @BBC: ‚úä Plastic protest! https://t.co/9m59wayYH8,41
41,0.0,0.0,0.0,0.0,@BBC,2018-03-29 18:03:37,RT @GoldenOldieC: @BBCTomSymonds @georgegalloway Wonder how many people came into contact with Skripals? @NHS Consultant says in letter to‚Ä¶,42
42,0.0,0.0,0.0,0.0,@BBC,2018-03-29 18:03:23,"RT @evertonfc2: @albaforeurope @MichaelLCrick @Conservatives @BBC @BBCNews We know completely what their game is, and how they have gone ab‚Ä¶",43
43,-0.9494,0.466,0.466,0.0,@BBC,2018-03-29 18:03:22,WTF is WRONG w/ this Pope? He is Satanic?? @ABC @CNN @BBC @MSNBC @CBSPope Francis: 'There Is No Hell' https://t.co/OGAk4io2mf via @cnsnews,44
44,0.0,0.0,0.0,0.0,@BBC,2018-03-29 18:03:18,"RT @AfricanTears05: #ManchoBibixy #FreeManchoBibixy

#Arrested since #Thurs19Jan2017

432ds|1yr,2mths,8ds

He didn't beat/kill anyone burn‚Ä¶",45
45,0.25,0.123,0.123,0.217,@BBC,2018-03-29 18:03:13,Well this for you‚Äôll to agree or to disagree @TheSource @NSAGov @GMA @BBCBreaking @BBC @AboutTheBBC @AlJazeera‚Ä¶ https://t.co/gRr6tCRd2K,46
46,-0.3612,0.122,0.122,0.0,@BBC,2018-03-29 18:03:03,RT @HAKKIYEMEZLER: Detention of Turkish nationals in KOSOVO and their unlawful extradition to Turkey. Turkish spy agency transfers 6 abduct‚Ä¶,47
47,-0.3164,0.364,0.364,0.0,@BBC,2018-03-29 18:02:58,RT @BBC: ‚úä Plastic protest! https://t.co/9m59wayYH8,48
48,-0.3612,0.122,0.122,0.0,@BBC,2018-03-29 18:02:39,RT @HAKKIYEMEZLER: Detention of Turkish nationals in KOSOVO and their unlawful extradition to Turkey. Turkish spy agency transfers 6 abduct‚Ä¶,49
49,-0.851,0.423,0.423,0.079,@BBC,2018-03-29 18:02:37,I am shocked and appalled that the BBC would allow this vile filth. #BanGraham #FreeDankula #Antisemitism‚Ä¶ https://t.co/gemsw4SmrL,50
50,0.0,0.0,0.0,0.0,@BBC,2018-03-29 18:02:32,"RT @evertonfc2: @albaforeurope @MichaelLCrick @Conservatives @BBC @BBCNews We know completely what their game is, and how they have gone ab‚Ä¶",51
51,0.4939,0.0,0.0,0.186,@BBC,2018-03-29 18:02:27,"RT @LRobertols: @CAT_memoria @QuicoSalles @DerSPIEGEL @ScotNational @BBC @nytimes 

police with pepper spray against peaceful population",52
52,0.8331,0.0,0.0,0.343,@BBC,2018-03-29 18:01:56,RT @GhioLena: Transdisciplinary Art at its best and reason to HOPE: https://t.co/F1zWA8Qruo @BBCScienceNews  @BBC @BBCWorld @BBCEarth @bbca‚Ä¶,53
53,-0.6908,0.213,0.213,0.0,@BBC,2018-03-29 18:01:54,RT @scarlettpeach: Biggest example of #BBCBrexitBias is the obsession with Nigel Farage who has failed to be elected as an MP (can't rememb‚Ä¶,54
54,0.2023,0.0,0.0,0.073,@BBC,2018-03-29 18:01:51,"RT @MrHickmott: Just watching @BBCNews at One. Top story is Theresa May on tour talking up Brexit, still repeating the lie about a Brexit d‚Ä¶",55
55,-0.3612,0.122,0.122,0.0,@BBC,2018-03-29 18:01:51,RT @HAKKIYEMEZLER: Detention of Turkish nationals in KOSOVO and their unlawful extradition to Turkey. Turkish spy agency transfers 6 abduct‚Ä¶,56
56,-0.6908,0.213,0.213,0.0,@BBC,2018-03-29 18:01:38,RT @scarlettpeach: Biggest example of #BBCBrexitBias is the obsession with Nigel Farage who has failed to be elected as an MP (can't rememb‚Ä¶,57
57,0.0,0.0,0.0,0.0,@BBC,2018-03-29 18:01:18,"RT @TookEnglandBack: What we need is for all Remoaner traitors, @bbc and @SkyNews journalists to be SACKED and replaced with cheaper East E‚Ä¶",58
58,-0.3182,0.119,0.119,0.0,@BBC,2018-03-29 18:00:50,"Leaked Texts Suggest Coordination Between Obama White House, CIA, FBI And Dems To Launch Trump-Russia Probe @ABC‚Ä¶ https://t.co/eOhQoErdCC",59
59,-0.5719,0.183,0.183,0.0,@BBC,2018-03-29 18:00:14,RT @UKDemockery: @daily_politics The @BBC are at it again. Using the manipulation of imagery to smear Jeremy Corbyn. This time it is @daily‚Ä¶,60
60,-0.3612,0.122,0.122,0.0,@BBC,2018-03-29 18:00:12,RT @HAKKIYEMEZLER: Detention of Turkish nationals in KOSOVO and their unlawful extradition to Turkey. Turkish spy agency transfers 6 abduct‚Ä¶,61
61,-0.5106,0.213,0.213,0.1,@BBC,2018-03-29 17:59:53,RT @MayukuD: @MobilePunch @bbc This is due to mass unemployment and poverty that the president of a country can‚Äôt move freely because he do‚Ä¶,62
62,-0.3612,0.122,0.122,0.0,@BBC,2018-03-29 17:59:28,RT @HAKKIYEMEZLER: Detention of Turkish nationals in KOSOVO and their unlawful extradition to Turkey. Turkish spy agency transfers 6 abduct‚Ä¶,63
63,-0.6276,0.265,0.265,0.0,@BBC,2018-03-29 17:59:24,RT @ChristophETMuhr: @BBCBreaking @BBCWorld @BBC @BBCNews stop ignoring the fact that the majority does not want #Brexit anymore after the‚Ä¶,64
64,-0.7579,0.326,0.326,0.088,@BBC,2018-03-29 17:59:23,"RT @TookEnglandBack: Remoaner Traitor @bbclaurak of @BBC fake news giving a typically biased negative slant on Brexit.

It's the Brussels B‚Ä¶",65
65,0.902,0.0,0.0,0.502,@BBC,2018-03-29 17:58:33,Please please please we NEED to help this wee boy and save his life! @CapitalOfficial @thisisheart @1025Clyde1‚Ä¶ https://t.co/Y4kUq6p7mH,66
66,0.0,0.0,0.0,0.0,@BBC,2018-03-29 17:57:25,#BBC #HumanRights @EU_Commission @BBC @CNN @lesoir @Jerusalem_Post @ActualidadRT @LaStampa @DerSPIEGEL‚Ä¶ https://t.co/PwIP4ehihj,67
67,-0.3804,0.153,0.153,0.081,@BBC,2018-03-29 17:57:11,@karaokebonkers @lindaloo63 @BBCRadio2 @theJeremyVine @BBC It's really sad to read all this. He was a top dude on Jeremy's show,68
68,-0.3612,0.122,0.122,0.0,@BBC,2018-03-29 17:57:05,RT @HAKKIYEMEZLER: Detention of Turkish nationals in KOSOVO and their unlawful extradition to Turkey. Turkish spy agency transfers 6 abduct‚Ä¶,69
69,0.0,0.0,0.0,0.0,@BBC,2018-03-29 17:56:53,@thunderdriver @Cornish_Damo @Hapoel4 @UKDemockery @daily_politics @BBC Only Rothschild and Warburg were Jewish https://t.co/8YbzoChuN1,70
70,0.0,0.0,0.0,0.0,@BBC,2018-03-29 17:56:50,Anita‚Äôs interview about social enterprise with Carol from @bbc re: her work with @thechaiwallah and @thecontributor. https://t.co/9wzJik37fW,71
71,0.7096,0.0,0.0,0.269,@BBC,2018-03-29 17:56:21,RT @twobluecats: willow #cheetah and maya #jaguar on @BBC #BigCatsAboutTheHouse .  these are special care by @GilesClark78 from @TheBigCatS‚Ä¶,72
72,0.5267,0.0,0.0,0.18,@BBC,2018-03-29 17:56:08,@GMB @BBC @itvnews I can't believe that you allow this person airtime when they hold views like this. So DV is done‚Ä¶ https://t.co/khT5pP2jEY,73
73,-0.1779,0.082,0.082,0.0,@BBC,2018-03-29 17:55:58,"@Lpat60811098 @XHNews Get a load of this person. Hides their identity and tries to preach their beliefs to me, very‚Ä¶ https://t.co/toVARAFAoz",74
74,0.0,0.0,0.0,0.0,@BBC,2018-03-29 17:55:54,"RT @TookEnglandBack: What we need is for all Remoaner traitors, @bbc and @SkyNews journalists to be SACKED and replaced with cheaper East E‚Ä¶",75
75,0.5766,0.0,0.0,0.164,@BBC,2018-03-29 17:55:34,RT @22kurtweinberg: From L.A. to Hollywood in 4K https://t.co/9WF4soCUwF via @YouTube WELCOME #Oscars C/O '18. 1.5 billion viewers and @HIS‚Ä¶,76
76,-0.3612,0.122,0.122,0.0,@BBC,2018-03-29 17:55:26,RT @HAKKIYEMEZLER: Detention of Turkish nationals in KOSOVO and their unlawful extradition to Turkey. Turkish spy agency transfers 6 abduct‚Ä¶,77
77,0.0,0.0,0.0,0.0,@BBC,2018-03-29 17:54:56,RT @Wirral_In_It: @RealNatalieRowe @m2m_johnlewis @DArcyTiP @carolecadwalla @CommonsCMS @amolrajanBBC @Independent @BBC @tory I've complain‚Ä¶,78
78,0.2144,0.0,0.0,0.081,@BBC,2018-03-29 17:54:26,@lindaloo63 @BBCRadio2 @theJeremyVine @BBC I just wish we knew what had gone on? I did ask him at the show but he j‚Ä¶ https://t.co/wfpAMSidUW,79
79,0.0,0.0,0.0,0.0,@BBC,2018-03-29 17:54:25,#BBC #HumanRights @EU_Commission @BBC @CNN @lesoir @Jerusalem_Post @ActualidadRT @LaStampa @DerSPIEGEL‚Ä¶ https://t.co/U5GdoYjqKE,80
80,-0.7003,0.264,0.264,0.0,@BBC,2018-03-29 17:53:55,RT @EdwardJDavey: Classic example of BBC bias against Lib Dems - report fails to mention today‚Äôs emergency debate was called by LibDems or‚Ä¶,81
81,0.784,0.0,0.0,0.317,@BBC,2018-03-29 17:53:32,RT @BBC: üê∂‚ù§Ô∏è Biscuit the robotic pup is helping the elderly cope with conditions like dementia. What a good boy! https://t.co/5vpg6KS031,82
82,0.5766,0.0,0.0,0.18,@BBC,2018-03-29 17:53:08,From L.A. to Hollywood in 4K https://t.co/9WF4soCUwF via @YouTube WELCOME #Oscars C/O '18. 1.5 billion viewers and‚Ä¶ https://t.co/zYB9VcJtx2,83
83,0.0,0.0,0.0,0.0,@BBC,2018-03-29 17:53:02,RT @Wirral_In_It: @Femi_Sorry @BBC BBC are also sending their employees to meet our schoolchildren post #Savile - one of whom has been hurl‚Ä¶,84
84,0.0,0.0,0.0,0.0,@BBC,2018-03-29 17:52:12,"RT @TookEnglandBack: What we need is for all Remoaner traitors, @bbc and @SkyNews journalists to be SACKED and replaced with cheaper East E‚Ä¶",85
85,0.0498,0.139,0.139,0.147,@BBC,2018-03-29 17:52:00,RT @lindaloo63: @karaokebonkers @BBCRadio2 @theJeremyVine @BBC He hasn‚Äôt a bad word for most people he has a very kind heart he‚Äôs a lovely‚Ä¶,86
86,-0.6908,0.213,0.213,0.0,@BBC,2018-03-29 17:51:54,RT @scarlettpeach: Biggest example of #BBCBrexitBias is the obsession with Nigel Farage who has failed to be elected as an MP (can't rememb‚Ä¶,87
87,-0.6276,0.265,0.265,0.0,@BBC,2018-03-29 17:51:39,RT @ChristophETMuhr: @BBCBreaking @BBCWorld @BBC @BBCNews stop ignoring the fact that the majority does not want #Brexit anymore after the‚Ä¶,88
88,-0.4215,0.22,0.22,0.102,@BBC,2018-03-29 17:51:20,RT @insiniasec: Our CEO @mikeghacks talks to the @BBC about critical infrastructure security and targeted industrial cyber attacks. https:/‚Ä¶,89
89,0.0,0.0,0.0,0.0,@BBC,2018-03-29 17:51:09,@OfficialSting @DiRealShaggy @BBC @bkmcgraw,90
90,-0.4588,0.15,0.15,0.0,@BBC,2018-03-29 17:51:05,RT @CatherineRusse7: @easyonthebrain @smsdoc @LPrivileged @MrStuartNicoll @Andrew_Adonis @BBC @Ofcom Write to your MP arguing for an end to‚Ä¶,91
91,0.0498,0.145,0.145,0.153,@BBC,2018-03-29 17:50:57,@karaokebonkers @BBCRadio2 @theJeremyVine @BBC He hasn‚Äôt a bad word for most people he has a very kind heart he‚Äôs a‚Ä¶ https://t.co/9oVo3qyMK2,92
92,-0.4215,0.22,0.22,0.102,@BBC,2018-03-29 17:50:52,RT @insiniasec: Our CEO @mikeghacks talks to the @BBC about critical infrastructure security and targeted industrial cyber attacks. https:/‚Ä¶,93
93,-0.6276,0.265,0.265,0.0,@BBC,2018-03-29 17:50:51,RT @ChristophETMuhr: @BBCBreaking @BBCWorld @BBC @BBCNews stop ignoring the fact that the majority does not want #Brexit anymore after the‚Ä¶,94
94,0.0,0.0,0.0,0.0,@BBC,2018-03-29 17:50:46,"RT @evertonfc2: @albaforeurope @MichaelLCrick @Conservatives @BBC @BBCNews We know completely what their game is, and how they have gone ab‚Ä¶",95
95,-0.1027,0.21,0.21,0.196,@BBC,2018-03-29 17:50:43,"RT @hicretnotlari: Please raise your voice, enlighten this unlawful scandal
5 teachers have been arrested in Kosovo to be kidnapped to Turk‚Ä¶",96
96,-0.5423,0.149,0.149,0.0,@BBC,2018-03-29 18:14:24,"@BBC If they don't inform you, it's a crime because you are Prime Minister of this country and it's a diplomatic is‚Ä¶ https://t.co/VwKXbPubca",97
97,0.3415,0.0,0.0,0.099,@BBC,2018-03-29 18:14:20,"RT @Femi_Sorry: Oh and as a side note @BBC, even by your somewhat special definition of balance, putting me in a room with 5 brexiters, and‚Ä¶",98
98,0.8689,0.0,0.0,0.412,@BBC,2018-03-29 18:14:07,Thanks to the @BBC and Ewan and Colin McGregor for a beautiful and respectful documentary on the @RoyalAirForce,99
99,0.0,0.0,0.0,0.0,@BBC,2018-03-29 18:13:52,Someone should get a job @BBC @TheEconomist or any polling agency. https://t.co/xhUZOgfSBw,100
100,0.3415,0.0,0.0,0.099,@BBC,2018-03-29 18:13:35,"RT @Femi_Sorry: Oh and as a side note @BBC, even by your somewhat special definition of balance, putting me in a room with 5 brexiters, and‚Ä¶",101
101,0.3415,0.0,0.0,0.099,@BBC,2018-03-29 18:13:02,"RT @Femi_Sorry: Oh and as a side note @BBC, even by your somewhat special definition of balance, putting me in a room with 5 brexiters, and‚Ä¶",102
102,0.4522,0.1,0.1,0.179,@BBC,2018-03-29 18:12:18,"RT @BBC: ‚ù§Ô∏è 'That was it I just totally fell in love with art.'

üé∂ How grime changed Ade Adesina's life. https://t.co/eDyh75YBvl",103
103,0.4404,0.0,0.0,0.127,@BBC,2018-03-29 18:12:17,"@JCSTheMusical @nbc ALW ,didn't write the hits. Hope there will be old copy found. He acquired the hits illegally w‚Ä¶ https://t.co/3Zo2YRYtYa",104
104,0.4939,0.0,0.0,0.186,@BBC,2018-03-29 18:12:05,"RT @LRobertols: @CAT_memoria @QuicoSalles @DerSPIEGEL @ScotNational @BBC @nytimes 

police with pepper spray against peaceful population",105
105,-0.3164,0.364,0.364,0.0,@BBC,2018-03-29 18:11:31,RT @BBC: ‚úä Plastic protest! https://t.co/9m59wayYH8,106
106,0.0772,0.0,0.0,0.067,@BBC,2018-03-29 18:10:46,"RT @LJRoue: Today has been intense - re-launch of the @MENBusinessDesk magazine, morning chat with @LeeDentithDrNow about telehealth and a‚Ä¶",107
107,-0.3612,0.122,0.122,0.0,@BBC,2018-03-29 18:09:55,RT @HAKKIYEMEZLER: Detention of Turkish nationals in KOSOVO and their unlawful extradition to Turkey. Turkish spy agency transfers 6 abduct‚Ä¶,108
108,-0.6908,0.213,0.213,0.0,@BBC,2018-03-29 18:09:50,RT @scarlettpeach: Biggest example of #BBCBrexitBias is the obsession with Nigel Farage who has failed to be elected as an MP (can't rememb‚Ä¶,109
109,-0.3612,0.161,0.161,0.0,@BBC,2018-03-29 18:09:40,@benking01 @TheEconomist @colourblindorg @Economist is a repeat offender against the #colourblind regarding the vis‚Ä¶ https://t.co/EKQdMbahZ3,110
110,0.0,0.0,0.0,0.0,@BBC,2018-03-29 18:09:29,"RT @TookEnglandBack: What we need is for all Remoaner traitors, @bbc and @SkyNews journalists to be SACKED and replaced with cheaper East E‚Ä¶",111
111,-0.5719,0.236,0.236,0.0,@BBC,2018-03-29 18:08:55,@The_Leaver @HuntedTeamNick @mrchrisnewton @carolecadwalla @BBC What a pathetic interpretation of Nick‚Äôs tweet. The‚Ä¶ https://t.co/vPneBas5O7,112
112,-0.7351,0.228,0.228,0.0,@BBC,2018-03-29 18:08:47,"RT @Hmmckenna: Democracy is failing üôÅ

The biggest election scandal the UK has ever witnessed. Yet you couldn‚Äôt fill a red bus with the num‚Ä¶",113
113,0.784,0.0,0.0,0.317,@BBC,2018-03-29 18:08:44,RT @BBC: üê∂‚ù§Ô∏è Biscuit the robotic pup is helping the elderly cope with conditions like dementia. What a good boy! https://t.co/5vpg6KS031,114
114,0.0,0.0,0.0,0.0,@BBC,2018-03-29 18:08:37,@BBC I'm in! @LukeyBonthetrak you in?,115
115,-0.4588,0.111,0.111,0.044,@BBC,2018-03-29 18:08:28,"RT @BBC: The number of children living in relative poverty in the UK has risen to 4.1m. 

This is the story of Tyler, one of those children‚Ä¶",116
116,0.0,0.0,0.0,0.0,@BBC,2018-03-29 18:08:14,"@CNN @Foxnews @BBC @reuters 

Check out @RafatiMarah‚Äôs Tweet: https://t.co/YL7IHAIOSH",117
117,0.3182,0.0,0.0,0.223,@BBC,2018-03-29 18:07:49,@BBC @Avi_L_Hamilton_ I think having a Bee as a pet is cool,118
118,-0.4404,0.292,0.292,0.123,@CBS,2018-03-29 18:14:33,@CBS It sucked.  They may as well stuck a pussy hat on Michael Burnam.,1
119,0.0516,0.086,0.086,0.094,@CBS,2018-03-29 18:14:09,RT @thorn: Watch @48hours this Saturday to see how Thorn‚Äôs tools supported law enforcement in identification and recovery of one victim. Tu‚Ä¶,2
120,0.3818,0.0,0.0,0.191,@CBS,2018-03-29 18:14:00,#OPPORTUNITYHOUR - Sr. Financial Analyst - Credit &amp; Collections at @CBS #careers #WomeninSTEM https://t.co/Fyf6BvfOVG,3
121,0.0,0.0,0.0,0.0,@CBS,2018-03-29 18:14:00,@cnn @msnbc @maddow @CNNPolitics @ABCPolitics @ABC @CBSNews @NBCNews @CBSTweet @CBS @nbc @realDonaldTrump @cnnbrk‚Ä¶ https://t.co/dd9DcQ26Fz,4
122,0.0516,0.086,0.086,0.094,@CBS,2018-03-29 18:13:51,RT @thorn: Watch @48hours this Saturday to see how Thorn‚Äôs tools supported law enforcement in identification and recovery of one victim. Tu‚Ä¶,5
123,0.3182,0.0,0.0,0.113,@CBS,2018-03-29 18:13:33,Watch @48hours this Saturday to see how Thorn‚Äôs tools supported law enforcement in identification and recovery of o‚Ä¶ https://t.co/V9WG3vxRxb,6
124,0.0,0.0,0.0,0.0,@CBS,2018-03-29 18:12:50,@cnn @msnbc @maddow @CNNPolitics @ABCPolitics @ABC @CBSNews @NBCNews @CBSTweet @CBS @nbc @realDonaldTrump @cnnbrk‚Ä¶ https://t.co/AV6K1EJRiL,7
125,0.0,0.0,0.0,0.0,@CBS,2018-03-29 18:12:35,@cnn @msnbc @maddow @CNNPolitics @ABCPolitics @ABC @CBSNews @NBCNews @CBSTweet @CBS @nbc @realDonaldTrump @cnnbrk‚Ä¶ https://t.co/BwCCaBv7k2,8
126,0.0,0.0,0.0,0.0,@CBS,2018-03-29 18:11:58,@LAURALOPEZ2010 @swatcbs @CBS Besos!!,9
127,0.0,0.0,0.0,0.0,@CBS,2018-03-29 18:11:50,"RT @ACMawards: Even more performers have been added to the 53rd #ACMawards! Plus presenters¬†@David_Boreanaz, @ajohnbuckley, @camcountry, Sa‚Ä¶",10
128,0.3182,0.0,0.0,0.099,@CBS,2018-03-29 18:11:19,How many of the 18 million viewers would not have watched Roseanne if media had told them the truth about her?‚Ä¶ https://t.co/rjafiUuopN,11
129,0.0,0.0,0.0,0.0,@CBS,2018-03-29 18:11:11,@5dChief @StarTrekRoom @WritersDigest @WGAWest @The100writers @MicheaLeeNelson @RoboticsTSF @WorldAndScience @CBS I‚Ä¶ https://t.co/BTjRE439IS,12
130,-0.6801,0.203,0.203,0.0,@CBS,2018-03-29 18:11:07,"RT @1SnoozyQ: üÜò @CNN @MSNBC @maddow @ABC @CBS
üëâTHE Most Dangerous Thing Happening in America right now that no one's talking about is the #‚Ä¶",13
131,-0.6371,0.154,0.154,0.0,@CBS,2018-03-29 18:10:54,"RT @Missy50hk1: THE NEW ROSEANNE SHOW DOES NOT AIR ON @CBS, THEY ARE @RoseanneOnABC !!!!!!!  BOYCOTT THE NEW ROSEANNE SHOW ON @ABC @ABC SHO‚Ä¶",14
132,-0.25,0.185,0.185,0.106,@CBS,2018-03-29 18:10:24,@Dodgers @dodgersPS Why wasn't the crew wearing masks while working hard to clean up the stench? Just watching on t‚Ä¶ https://t.co/kbse7JuB0r,15
133,0.0,0.0,0.0,0.0,@CBS,2018-03-29 18:10:01,"RT @Carlducena: 3-29-2011 on the set of  @bluebloods_cbs @CBS @carlducena and #KennyChin 
#Chinatown #NYC #BlueBloods #CBS #Actor #NormalTo‚Ä¶",16
134,0.3612,0.0,0.0,0.2,@CBS,2018-03-29 18:09:48,RT @JustaThought47: Eager to see these powerhouses own #CagneyandLacey @CBS https://t.co/0wYobq7rAP,17
135,-0.6027,0.567,0.567,0.0,@CBS,2018-03-29 18:09:09,@sirDukeDevin @CBS you SUCK!,18
136,0.0,0.0,0.0,0.0,@CBS,2018-03-29 18:09:01,"RT @CBS: Will @HIGHVALLEY, @LancoMusic, @LOCASHmusic, @MidlandOfficial, or @runawayjune be named New Vocal Duo Or Group Of The Year at the‚Ä¶",19
137,0.0,0.0,0.0,0.0,@CBS,2018-03-29 18:08:28,I'm watching NCIS @NCIS_CBS #NCIS @CBS #CBS via @TelfieApp #Telfie https://t.co/3aftpazMYw,20
138,0.3818,0.096,0.096,0.189,@CBS,2018-03-29 18:08:10,RT @CBS: Count on Entertainer Of The Year nominee @LukeBryanOnline to crash the party with an epic performance at the 53rd #ACMawards. Tune‚Ä¶,21
139,0.6369,0.0,0.0,0.181,@CBS,2018-03-29 18:08:07,"Ms. @PaulaEbbenWBZ, @SylviaAcevedo &amp; an 1995 @CBS logo from that era Paula love to watch on this #TBT. @LiamWBZ‚Ä¶ https://t.co/4QlrkqWv0Z",22
140,0.0,0.0,0.0,0.0,@CBS,2018-03-29 18:07:48,@cnn @msnbc @maddow @CNNPolitics @ABCPolitics @ABC @CBSNews @NBCNews @CBSTweet @CBS @nbc @realDonaldTrump @cnnbrk‚Ä¶ https://t.co/A0wP01cdJR,23
141,-0.7861,0.274,0.274,0.0,@CBS,2018-03-29 18:07:38,No one want's to pay to hear a LIAR! @MSNBC @NBC @ABC @CBS @CNN @BBC Hillary Clinton is back in N.J. today for a so‚Ä¶ https://t.co/5ZH1FgMJxv,24
142,0.836,0.0,0.0,0.317,@CBS,2018-03-29 18:07:33,RT @Wildaboutmusic: Happy Birthday to @ladygaga. I love this photo I took of her with @itstonybennett. @iamjamiefoxx &amp; @ArianaGrande at @Re‚Ä¶,25
143,0.0,0.0,0.0,0.0,@CBS,2018-03-29 18:07:21,@cnn @msnbc @maddow @CNNPolitics @ABCPolitics @ABC @CBSNews @NBCNews @CBSTweet @CBS @nbc @realDonaldTrump @cnnbrk‚Ä¶ https://t.co/WfwmUTUbiF,26
144,0.0,0.0,0.0,0.0,@CBS,2018-03-29 18:07:15,@RealCandaceO not too mention @andersoncooper doing a @CBS interview on #60Minutes Writing is on the WALL,27
145,-0.6249,0.212,0.212,0.0,@CBS,2018-03-29 18:06:36,"RT @LilaGraceRose: For years, pro-lifers protesting abortion are ignored by the media. @ABC, @CBS, and @NBCNews spent nearly a half hour hi‚Ä¶",28
146,0.5574,0.0,0.0,0.175,@CBS,2018-03-29 18:06:35,RT @LindaStein1: @CBS @HawaiiFive0CBS @CBSTVStudios @CBSTweet All of #H50 fandom is happily awaiting the directorial debut of #AlexOLoughli‚Ä¶,29
147,0.5709,0.0,0.0,0.188,@CBS,2018-03-29 18:06:34,Know I am tweeting heaps about #STOPCharmedReboot  lately. Just feel very passionate about it. I wouldn't say that‚Ä¶ https://t.co/QX0dBcGnT4,30
148,0.0,0.0,0.0,0.0,@CBS,2018-03-29 18:06:29,@cnn @msnbc @maddow @CNNPolitics @ABCPolitics @ABC @CBSNews @NBCNews @CBSTweet @CBS @nbc @realDonaldTrump @cnnbrk‚Ä¶ https://t.co/aufgfPXOma,31
149,-0.5106,0.18,0.18,0.0,@CBS,2018-03-29 18:06:11,"RT @Alparslan_Ataer: 6 Turkish Teacher abducted by Global Thug Bandit Erdogan‚Äôs Spy-Terorist in Kosovo..

@IsaMustafaKS @Enver_Hoxhaj @dwne‚Ä¶",32
150,0.0,0.0,0.0,0.0,@CBS,2018-03-29 18:05:45,@cnn @msnbc @maddow @CNNPolitics @ABCPolitics @ABC @CBSNews @NBCNews @CBSTweet @CBS @nbc @realDonaldTrump @cnnbrk‚Ä¶ https://t.co/2V9nQAhQO6,33
151,-0.8143,0.281,0.281,0.0,@CBS,2018-03-29 18:05:39,Can U say SLUT? @ABC @MSNBC @NBC @CNN @CBS Stormy Daniels‚Äô Attempt to Speed Up Trial with Donald Trump Gets Denied https://t.co/SHia4bHlht,34
152,-0.4404,0.266,0.266,0.0,@CBS,2018-03-29 18:05:28,@dtefsavidson @CBS Throwing stabs at ‚ÄúAmerica‚Äôs most watched network‚Äù,35
153,0.0,0.0,0.0,0.0,@CBS,2018-03-29 18:05:13,@abuddy #Dallas40thAnniversary #Dallas40 with @CBS &amp; @wusa9 https://t.co/frVRjUoB7p,36
154,0.5859,0.0,0.0,0.132,@CBS,2018-03-29 18:05:01,RT @Noaai: Tonight Big Bang Theory again on @CBS Give the ratings to them &amp; watch our amazing Sarah Drew tonight on YT &amp; @ABCNetwork web's‚Ä¶,37
155,0.0,0.0,0.0,0.0,@CBS,2018-03-29 18:04:46,@lshaw158 @CBS @HawaiiFive0CBS @CBSTVStudios @CBSTweet Amen!!,38
156,0.7568,0.0,0.0,0.288,@CBS,2018-03-29 18:04:36,Good luck @KimberlyWDBJ on #EasterSunday with your kids and have an #GoodFriday tomorrow on #HappyFridayüéâüôåüòä!! #BunnySundayüêá @WDBJ7 @CBS,39
157,0.0,0.0,0.0,0.0,@CBS,2018-03-29 18:03:54,@5dChief @StarTrekRoom @WritersDigest @WGAWest @The100writers @MicheaLeeNelson @RoboticsTSF @WorldAndScience @CBS C‚Ä¶ https://t.co/IEnqfzbLb6,40
158,0.0,0.0,0.0,0.0,@CBS,2018-03-29 18:03:42,"RT @ACMawards: Even more performers have been added to the 53rd #ACMawards! Plus presenters¬†@David_Boreanaz, @ajohnbuckley, @camcountry, Sa‚Ä¶",41
159,0.0,0.0,0.0,0.0,@CBS,2018-03-29 18:03:23,Cc @TheCW @CBS @thecw @JaneWriters @Jess02Jessica @amylrardin https://t.co/bgsnGLFSkT https://t.co/7IWyDTZerW,42
160,-0.4084,0.145,0.145,0.065,@CBS,2018-03-29 18:03:09,IT IS NOT @CBS ...IT IS @ABC THAT IS AIRING THE NEW @RoseanneOnABC  I apologize for the MISTAKE @CBS https://t.co/2Hgb400cYD,43
161,0.0,0.0,0.0,0.0,@CBS,2018-03-29 18:03:06,Cc @TheCW @CBS @thecw @JaneWriters @Jess02Jessica @amylrardin https://t.co/bgsnGLFSkT https://t.co/qN2HEedydi,44
162,0.8065,0.0,0.0,0.267,@CBS,2018-03-29 18:02:53,"RT @5dChief: Writers Head's Up!

Take a Fun Trip down Memory Lane by reviewing the spectacular plants of Star Trek! 

Seek inspiration and‚Ä¶",45
163,-0.0258,0.087,0.087,0.083,@CBS,2018-03-29 18:02:42,RT @ArevaMartin: BREAKING NEWS: Look at the new daytime squad that will be bringing the fire and the truth this fall on @CBS syndicated tal‚Ä¶,46
164,0.0,0.0,0.0,0.0,@CBS,2018-03-29 18:02:30,Cc @TheCW @CBS @thecw @JaneWriters @Jess02Jessica @amylrardin https://t.co/bgsnGLFSkT https://t.co/AoPFkW4EKG,47
165,0.788,0.0,0.0,0.303,@CBS,2018-03-29 18:02:27,@OksanaBaiul @CBS @Olympic So natural and beautiful on the ice and thats before you even started skating. https://t.co/gExCf7Lz6N,48
166,-0.2942,0.099,0.099,0.0,@CBS,2018-03-29 18:02:24,"RT @MarenNation: Don‚Äôt forget on April 10th, @CBS will be airing a star studded event ‚ÄúElton John: I‚Äôm Still Standing ‚Äî A GRAMMYs Salute!‚Äù‚Ä¶",49
167,0.5848,0.0,0.0,0.172,@CBS,2018-03-29 18:01:57,"Cc @TheCW you have Lucy Hale starring in one of your shows, well Holly used to play her Mum on PLL! ‚ù§Ô∏è @CBS @thecw‚Ä¶ https://t.co/hTJ8KiIcmR",50
168,-0.3612,0.556,0.556,0.0,@CBS,2018-03-29 18:01:15,@CBS It sucks,51
169,0.0,0.0,0.0,0.0,@CBS,2018-03-29 18:01:09,MAR29/18-NEW #TV &gt;8:30P- @CBS #YoungSheldon &gt; @NBC #A.P.Bio &gt;9:00P- @ABCNetwork #Station19 &gt; @CBS #Mom &gt; @NBC #Will&amp;Grace,52
170,0.0,0.0,0.0,0.0,@CBS,2018-03-29 18:01:09,MAR29/18-NEW #TV &gt;8:00P- @ABCNetwork #GreysAnatomy &gt; @CBS #TheBigBangTheory &gt; @NBC #Superstore &gt; @FOXTV #Gotham,53
171,0.0,0.0,0.0,0.0,@CBS,2018-03-29 18:01:09,MAR29/18-NEW #TV &gt;9:00P- @FOXTV #ShowtimeAtTheApollo &gt;10:00P- @ABCNetwork #Scandal &gt; @CBS #S.W.A.T &gt; @NBC #ChicagoFire,54
172,-0.3182,0.119,0.119,0.0,@CBS,2018-03-29 18:00:50,"Leaked Texts Suggest Coordination Between Obama White House, CIA, FBI And Dems To Launch Trump-Russia Probe @ABC‚Ä¶ https://t.co/eOhQoErdCC",55
173,0.1139,0.0,0.0,0.093,@CBS,2018-03-29 18:00:39,Don't miss @alexwagner and @jheil on @colbertlateshow TONIGHT at 11:35p/10:35c on @CBS. #SHOCircus #Showtime https://t.co/DoXZQO9XkY,56
174,0.0,0.0,0.0,0.0,@CBS,2018-03-29 18:00:30,Cc @TheCW @CBS @thecw @JaneWriters @Jess02Jessica @amylrardin https://t.co/bgsnGLFSkT https://t.co/DLlteUeSxb,57
175,0.0,0.0,0.0,0.0,@CBS,2018-03-29 18:00:23,@KnottyMaker @StarTrekRoom @WritersDigest @WGAWest @The100writers @MicheaLeeNelson @RoboticsTSF @WorldAndScience‚Ä¶ https://t.co/LVi31MLTt5,58
176,0.0,0.0,0.0,0.0,@CBS,2018-03-29 18:00:15,#ThrowbackThursday  üíú üíú #SupportMajorCrimes  #Onward #BestShowEver @CBS  @WBHomeEnt @EpixHD https://t.co/c0dLKtzCyr,59
177,-0.6801,0.203,0.203,0.0,@CBS,2018-03-29 17:59:41,"RT @1SnoozyQ: üÜò @CNN @MSNBC @maddow @ABC @CBS
üëâTHE Most Dangerous Thing Happening in America right now that no one's talking about is the #‚Ä¶",60
178,0.3612,0.0,0.0,0.185,@CBS,2018-03-29 17:59:40,@warnerbrostv @CBS @YoungSheldon @IainLoveTheatre Why do they all look like wax figures,61
179,0.0,0.0,0.0,0.0,@CBS,2018-03-29 17:58:39,"RT @CamiloOlmeda: @CNN @CNNPolitics @MSNBC @NBC @CNBC @ABC @CBS @FoxNews @HLNTV 
These are The Typical Example of The US Deplorable , Hypoc‚Ä¶",62
180,0.5859,0.0,0.0,0.132,@CBS,2018-03-29 17:58:36,RT @Noaai: Tonight Big Bang Theory again on @CBS Give the ratings to them &amp; watch our amazing Sarah Drew tonight on YT &amp; @ABCNetwork web's‚Ä¶,63
181,0.0,0.0,0.0,0.0,@CBS,2018-03-29 17:58:29,"@CNN @CNNPolitics @MSNBC @NBC @CNBC @ABC @CBS @FoxNews @HLNTV 
These are The Typical Example of The US Deplorable ,‚Ä¶ https://t.co/czHIWJJYtC",64
182,0.0,0.0,0.0,0.0,@CBS,2018-03-29 17:57:53,Oh the smell of hypocrisy!! @CBS you really should take notes from @therealroseanne @RoseanneOnABC üòÇüòÇüòÇüòÇüòÇenjoy loosi‚Ä¶ https://t.co/LqGPsbKjed,65
183,0.3612,0.0,0.0,0.2,@CBS,2018-03-29 17:57:50,RT @JustaThought47: Eager to see these powerhouses own #CagneyandLacey @CBS https://t.co/0wYobq7rAP,66
184,0.0,0.0,0.0,0.0,@CBS,2018-03-29 17:57:37,"3-29-2011 on the set of  @bluebloods_cbs @CBS @carlducena and #KennyChin 
#Chinatown #NYC #BlueBloods #CBS #Actor‚Ä¶ https://t.co/lcGoAvvLr1",67
185,0.3612,0.0,0.0,0.2,@CBS,2018-03-29 17:57:17,RT @JustaThought47: Eager to see these powerhouses own #CagneyandLacey @CBS https://t.co/0wYobq7rAP,68
186,-0.4939,0.241,0.241,0.101,@CBS,2018-03-29 17:56:56,A disappointing loss at the science fair sends Sheldon‚Äôs life in a new direction in a new #YoungSheldon tonight at‚Ä¶ https://t.co/Y5btRgc2PO,69
187,0.0,0.0,0.0,0.0,@CBS,2018-03-29 17:56:51,@5dChief @StarTrekRoom @WritersDigest @WGAWest @The100writers @MicheaLeeNelson @RoboticsTSF @WorldAndScience @CBS Y‚Ä¶ https://t.co/ytKH1tf5Te,70
188,0.6249,0.0,0.0,0.194,@CBS,2018-03-29 17:56:33,Our students had a great time at the Interschool Pioneer Quiz last night in  Quinn‚Äôs Corner. @SJS41 @AcademyDgn‚Ä¶ https://t.co/nXK36iaFdq,71
189,0.0,0.0,0.0,0.0,@CBS,2018-03-29 17:56:15,@therealroseanne @NBC @ABC @CBS @sarahgilbert01 let past performance photos speak for themselves. Your reboot shoul‚Ä¶ https://t.co/S0LDOESDwk,72
190,0.6249,0.0,0.0,0.194,@CBS,2018-03-29 17:56:10,Our students had a great time at the Interschool Pioneer Quiz last night in  Quinn‚Äôs Corner. @SJS41 @AcademyDgn‚Ä¶ https://t.co/46mzwWhX5D,73
191,0.7457,0.0,0.0,0.328,@CBS,2018-03-29 17:55:42,It is NOT @CBS that airs the @RoseanneOnABC   I made a HUGE MISTAKE...i APOLOGIZE TO @CBS!!!! https://t.co/SERGJ3FYS6,74
192,0.5859,0.0,0.0,0.132,@CBS,2018-03-29 17:55:37,RT @Noaai: Tonight Big Bang Theory again on @CBS Give the ratings to them &amp; watch our amazing Sarah Drew tonight on YT &amp; @ABCNetwork web's‚Ä¶,75
193,0.5766,0.0,0.0,0.164,@CBS,2018-03-29 17:55:34,RT @22kurtweinberg: From L.A. to Hollywood in 4K https://t.co/9WF4soCUwF via @YouTube WELCOME #Oscars C/O '18. 1.5 billion viewers and @HIS‚Ä¶,76
194,0.3089,0.0,0.0,0.106,@CBS,2018-03-29 17:54:59,"I don't give a damn either, about the Stormy Daniels story nor Ryan Seacrest/Bill Cosby/ or any other story re: per‚Ä¶ https://t.co/6qBW4HfkHX",77
195,0.0,0.0,0.0,0.0,@CBS,2018-03-29 17:54:58,"RT @CBS: Will @HIGHVALLEY, @LancoMusic, @LOCASHmusic, @MidlandOfficial, or @runawayjune be named New Vocal Duo Or Group Of The Year at the‚Ä¶",78
196,0.0,0.0,0.0,0.0,@CBS,2018-03-29 17:54:51,"RT @ACMawards: Even more performers have been added to the 53rd #ACMawards! Plus presenters¬†@David_Boreanaz, @ajohnbuckley, @camcountry, Sa‚Ä¶",79
197,0.4588,0.0,0.0,0.3,@CBS,2018-03-29 17:54:45,"RT @bradley_r_k: You in Noble, @CBS? ü§£üòú https://t.co/rX9gpUabtD",80
198,0.0,0.0,0.0,0.0,@CBS,2018-03-29 17:54:33,"RT @CBS: Will @HIGHVALLEY, @LancoMusic, @LOCASHmusic, @MidlandOfficial, or @runawayjune be named New Vocal Duo Or Group Of The Year at the‚Ä¶",81
199,0.0,0.0,0.0,0.0,@CBS,2018-03-29 17:54:25,"RT @PatriotTamme: IT'S TIME TO DO THE ""STORMY"" ON CONGRESS!  #ReleaseTheNames of the Congressmen we have paid on their behalf in over $17 m‚Ä¶",82
200,-0.6371,0.174,0.174,0.0,@CBS,2018-03-29 17:54:22,"THE NEW ROSEANNE SHOW DOES NOT AIR ON @CBS, THEY ARE @RoseanneOnABC !!!!!!!  BOYCOTT THE NEW ROSEANNE SHOW ON @ABC‚Ä¶ https://t.co/QIgtbSbBvt",83
201,-0.5943,0.288,0.288,0.0,@CBS,2018-03-29 17:54:17,"@stoogemeister55 @CBS @CBSTVStudios You mean ""Off the Map""? I'm not sure, I'm afraid :(",84
202,0.1779,0.097,0.097,0.13,@CBS,2018-03-29 17:54:16,"Catalan separatists are coup plotters in disguise. In the Catalonia of your dreams, the democrats are enemies‚Ä¶ https://t.co/ucHag3teVZ",85
203,0.658,0.0,0.0,0.374,@CBS,2018-03-29 17:53:36,@5dChief @StarTrekRoom @WritersDigest @WGAWest @The100writers @MicheaLeeNelson @RoboticsTSF @WorldAndScience @CBS Ha! Ha!,86
204,0.5766,0.0,0.0,0.18,@CBS,2018-03-29 17:53:08,From L.A. to Hollywood in 4K https://t.co/9WF4soCUwF via @YouTube WELCOME #Oscars C/O '18. 1.5 billion viewers and‚Ä¶ https://t.co/zYB9VcJtx2,87
205,-0.6801,0.203,0.203,0.0,@CBS,2018-03-29 17:53:02,"RT @1SnoozyQ: üÜò @CNN @MSNBC @maddow @ABC @CBS
üëâTHE Most Dangerous Thing Happening in America right now that no one's talking about is the #‚Ä¶",88
206,0.3612,0.0,0.0,0.238,@CBS,2018-03-29 17:52:42,Eager to see these powerhouses own #CagneyandLacey @CBS https://t.co/0wYobq7rAP,89
207,0.8349,0.108,0.108,0.388,@CBS,2018-03-29 17:52:33,YES Theresa... I made a HUGE ERROR and have TWEETED TO @CBS MY HUGE APOLOGY!!! I WAS VERY WRONG.... it is @ABC THAT‚Ä¶ https://t.co/VX5OOtFb0F,90
208,0.0,0.0,0.0,0.0,@CBS,2018-03-29 17:52:31,@KnottyMaker @StarTrekRoom @WritersDigest @WGAWest @The100writers @MicheaLeeNelson @RoboticsTSF @WorldAndScience‚Ä¶ https://t.co/YklSHMT5vk,91
209,0.0,0.0,0.0,0.0,@CBS,2018-03-29 17:51:45,RT @bowhunter_va: @carrieksada @netflix @_SierraWhiskee @AMErikaNGIRLBOT @ChristieC733 @CarmineZozzora @LeahR77 @AppSame @LVNancy @phil2002‚Ä¶,92
210,0.0,0.0,0.0,0.0,@CBS,2018-03-29 17:51:33,@5dChief @StarTrekRoom @WritersDigest @WGAWest @The100writers @MicheaLeeNelson @RoboticsTSF @WorldAndScience @CBS W‚Ä¶ https://t.co/XuoCn2d3TZ,93
211,0.0,0.0,0.0,0.0,@CBS,2018-03-29 17:51:33,RT @johnnorton7: @butchmoca @LEXAbaaack @ClexaRussia @warnerbrostv @Showtime @WarnerBrosEnt @SYFY @CBSTVStudios @AmazonStudios @STARZ @hulu‚Ä¶,94
212,-0.6801,0.203,0.203,0.0,@CBS,2018-03-29 17:51:26,"RT @1SnoozyQ: üÜò @CNN @MSNBC @maddow @ABC @CBS
üëâTHE Most Dangerous Thing Happening in America right now that no one's talking about is the #‚Ä¶",95
213,0.4199,0.0,0.0,0.149,@CBS,2018-03-29 17:51:06,"@ABC @therealroseanne @FoxNews @nbc @CBS @CNN @MSNBC @WhiteHouse 

ABC, thank you for the @therealroseanne show! We‚Ä¶ https://t.co/2SdKzqZp7x",96
214,-0.4404,0.292,0.292,0.123,@CBS,2018-03-29 18:14:33,@CBS It sucked.  They may as well stuck a pussy hat on Michael Burnam.,97
215,0.0516,0.086,0.086,0.094,@CBS,2018-03-29 18:14:09,RT @thorn: Watch @48hours this Saturday to see how Thorn‚Äôs tools supported law enforcement in identification and recovery of one victim. Tu‚Ä¶,98
216,0.3818,0.0,0.0,0.191,@CBS,2018-03-29 18:14:00,#OPPORTUNITYHOUR - Sr. Financial Analyst - Credit &amp; Collections at @CBS #careers #WomeninSTEM https://t.co/Fyf6BvfOVG,99
217,0.0,0.0,0.0,0.0,@CBS,2018-03-29 18:14:00,@cnn @msnbc @maddow @CNNPolitics @ABCPolitics @ABC @CBSNews @NBCNews @CBSTweet @CBS @nbc @realDonaldTrump @cnnbrk‚Ä¶ https://t.co/dd9DcQ26Fz,100
218,0.0516,0.086,0.086,0.094,@CBS,2018-03-29 18:13:51,RT @thorn: Watch @48hours this Saturday to see how Thorn‚Äôs tools supported law enforcement in identification and recovery of one victim. Tu‚Ä¶,101
219,0.3182,0.0,0.0,0.113,@CBS,2018-03-29 18:13:33,Watch @48hours this Saturday to see how Thorn‚Äôs tools supported law enforcement in identification and recovery of o‚Ä¶ https://t.co/V9WG3vxRxb,102
220,0.0,0.0,0.0,0.0,@CBS,2018-03-29 18:12:50,@cnn @msnbc @maddow @CNNPolitics @ABCPolitics @ABC @CBSNews @NBCNews @CBSTweet @CBS @nbc @realDonaldTrump @cnnbrk‚Ä¶ https://t.co/AV6K1EJRiL,103
221,0.0,0.0,0.0,0.0,@CBS,2018-03-29 18:12:35,@cnn @msnbc @maddow @CNNPolitics @ABCPolitics @ABC @CBSNews @NBCNews @CBSTweet @CBS @nbc @realDonaldTrump @cnnbrk‚Ä¶ https://t.co/BwCCaBv7k2,104
222,0.0,0.0,0.0,0.0,@CBS,2018-03-29 18:11:58,@LAURALOPEZ2010 @swatcbs @CBS Besos!!,105
223,0.0,0.0,0.0,0.0,@CBS,2018-03-29 18:11:50,"RT @ACMawards: Even more performers have been added to the 53rd #ACMawards! Plus presenters¬†@David_Boreanaz, @ajohnbuckley, @camcountry, Sa‚Ä¶",106
224,0.3182,0.0,0.0,0.099,@CBS,2018-03-29 18:11:19,How many of the 18 million viewers would not have watched Roseanne if media had told them the truth about her?‚Ä¶ https://t.co/rjafiUuopN,107
225,0.0,0.0,0.0,0.0,@CBS,2018-03-29 18:11:11,@5dChief @StarTrekRoom @WritersDigest @WGAWest @The100writers @MicheaLeeNelson @RoboticsTSF @WorldAndScience @CBS I‚Ä¶ https://t.co/BTjRE439IS,108
226,-0.6801,0.203,0.203,0.0,@CBS,2018-03-29 18:11:07,"RT @1SnoozyQ: üÜò @CNN @MSNBC @maddow @ABC @CBS
üëâTHE Most Dangerous Thing Happening in America right now that no one's talking about is the #‚Ä¶",109
227,-0.6371,0.154,0.154,0.0,@CBS,2018-03-29 18:10:54,"RT @Missy50hk1: THE NEW ROSEANNE SHOW DOES NOT AIR ON @CBS, THEY ARE @RoseanneOnABC !!!!!!!  BOYCOTT THE NEW ROSEANNE SHOW ON @ABC @ABC SHO‚Ä¶",110
228,-0.25,0.185,0.185,0.106,@CBS,2018-03-29 18:10:24,@Dodgers @dodgersPS Why wasn't the crew wearing masks while working hard to clean up the stench? Just watching on t‚Ä¶ https://t.co/kbse7JuB0r,111
229,0.0,0.0,0.0,0.0,@CBS,2018-03-29 18:10:01,"RT @Carlducena: 3-29-2011 on the set of  @bluebloods_cbs @CBS @carlducena and #KennyChin 
#Chinatown #NYC #BlueBloods #CBS #Actor #NormalTo‚Ä¶",112
230,0.3612,0.0,0.0,0.2,@CBS,2018-03-29 18:09:48,RT @JustaThought47: Eager to see these powerhouses own #CagneyandLacey @CBS https://t.co/0wYobq7rAP,113
231,-0.6027,0.567,0.567,0.0,@CBS,2018-03-29 18:09:09,@sirDukeDevin @CBS you SUCK!,114
232,0.0,0.0,0.0,0.0,@CBS,2018-03-29 18:09:01,"RT @CBS: Will @HIGHVALLEY, @LancoMusic, @LOCASHmusic, @MidlandOfficial, or @runawayjune be named New Vocal Duo Or Group Of The Year at the‚Ä¶",115
233,0.0,0.0,0.0,0.0,@CBS,2018-03-29 18:08:28,I'm watching NCIS @NCIS_CBS #NCIS @CBS #CBS via @TelfieApp #Telfie https://t.co/3aftpazMYw,116
234,0.3818,0.096,0.096,0.189,@CBS,2018-03-29 18:08:10,RT @CBS: Count on Entertainer Of The Year nominee @LukeBryanOnline to crash the party with an epic performance at the 53rd #ACMawards. Tune‚Ä¶,117
235,0.6369,0.0,0.0,0.181,@CBS,2018-03-29 18:08:07,"Ms. @PaulaEbbenWBZ, @SylviaAcevedo &amp; an 1995 @CBS logo from that era Paula love to watch on this #TBT. @LiamWBZ‚Ä¶ https://t.co/4QlrkqWv0Z",118
236,0.2023,0.193,0.193,0.255,@CNN,2018-03-29 18:14:42,"RT @CNN: This curious cheetah hopped into a car on a safari trip. Thankfully, everyone remained calm, and no one was hurt https://t.co/2BxR‚Ä¶",1
237,0.2023,0.193,0.193,0.255,@CNN,2018-03-29 18:14:41,"RT @CNN: This curious cheetah hopped into a car on a safari trip. Thankfully, everyone remained calm, and no one was hurt https://t.co/2BxR‚Ä¶",2
238,0.0,0.0,0.0,0.0,@CNN,2018-03-29 18:14:40,@CNN Tit for tat..lol sounds about Trump &amp; Putinüòï,3
239,-0.1779,0.116,0.116,0.0,@CNN,2018-03-29 18:14:40,"RT @CNN: Trump is touting his infrastructure plans in in Ohio

Live updates: https://t.co/MzxsHvkBYZ",4
240,-0.5859,0.174,0.174,0.0,@CNN,2018-03-29 18:14:39,@President1Trump @POTUS @wolfblitzer @CNN It was bullshit from the start. They knew it wasn't going anywhere. It wa‚Ä¶ https://t.co/bzaYSjrrMt,5
241,-0.4939,0.259,0.259,0.0,@CNN,2018-03-29 18:14:39,@STEMaryville @CNN @Kreativity_Kim Missouri has no miminum age to be left alone at home.,6
242,0.5267,0.0,0.0,0.362,@CNN,2018-03-29 18:14:38,"@CNN @zbyronwolf That's obstruction of justice. 
Period.",7
243,0.0,0.0,0.0,0.0,@CNN,2018-03-29 18:14:37,"@derekgfc1 @CNN Troll much, comrade.",8
244,0.0,0.0,0.0,0.0,@CNN,2018-03-29 18:14:35,"@CNN #LetTheGamesBegin 
#ThursdayThoughts",9
245,0.3818,0.0,0.0,0.286,@CNN,2018-03-29 18:14:35,RT @CNN: Trump vs. Amazon: Let's set the record straight https://t.co/wLAg12acye,10
246,0.0,0.0,0.0,0.0,@CNN,2018-03-29 18:14:35,@MamaRee1987 @CNN @amazon @realDonaldTrump @HillaryClinton @BarackObama @BillGates @FoxNews @NFL .@BillyBaldwin How‚Ä¶ https://t.co/wxN8xV1RYU,11
247,0.0,0.0,0.0,0.0,@CNN,2018-03-29 18:14:34,"RT @AllanMargolin: LOCK HIM UP.

House Dems call for FBI to probe into Kushner's ties to Saudi crown prince https://t.co/JgL2bRo5Rl via @CN‚Ä¶",12
248,0.6784,0.0,0.0,0.433,@CNN,2018-03-29 18:14:33,"@CNN EDS KEY TO SUCCESS, BY MEX!!!",13
249,-0.0516,0.118,0.118,0.0,@CNN,2018-03-29 18:14:33,@CNN Just a Putin trump trick. I know they're still doin it,14
250,-0.4215,0.141,0.141,0.0,@CNN,2018-03-29 18:14:32,Much to the dismay of @DNC @CNN @MSNBC @HuffPost @NBCNews @CBSNews and all the Snowflakes across America. https://t.co/h8tFHKgIrY,15
251,0.0,0.0,0.0,0.0,@CNN,2018-03-29 18:14:31,@CNN https://t.co/CAegFMGMkS,16
252,-0.3818,0.102,0.102,0.0,@CNN,2018-03-29 18:14:30,RT @CNN: JUST IN: Russia is expelling US diplomats and closing the US consulate in St. Petersburg in retaliation for a similar move by Wash‚Ä¶,17
253,0.0516,0.092,0.092,0.1,@CNN,2018-03-29 18:14:29,"RT @CNN: More than 200 retired US diplomats are sounding the alarm about diplomacy under Trump, urging lawmakers to ensure the State Depart‚Ä¶",18
254,-0.4753,0.128,0.128,0.0,@CNN,2018-03-29 18:14:29,RT @President1Trump: #BREAKING Judge denies stormy Daniels motion to depose @POTUS! Take that @wolfblitzer &amp; all of you creepers at @CNN ht‚Ä¶,19
255,-0.4753,0.128,0.128,0.0,@CNN,2018-03-29 18:14:26,RT @President1Trump: #BREAKING Judge denies stormy Daniels motion to depose @POTUS! Take that @wolfblitzer &amp; all of you creepers at @CNN ht‚Ä¶,20
256,-0.3818,0.102,0.102,0.0,@CNN,2018-03-29 18:14:26,RT @CNN: JUST IN: Russia is expelling US diplomats and closing the US consulate in St. Petersburg in retaliation for a similar move by Wash‚Ä¶,21
257,0.0,0.0,0.0,0.0,@CNN,2018-03-29 18:14:25,"@CNN There‚Äôs something behind this, somehow.",22
258,-0.4753,0.128,0.128,0.0,@CNN,2018-03-29 18:14:24,RT @President1Trump: #BREAKING Judge denies stormy Daniels motion to depose @POTUS! Take that @wolfblitzer &amp; all of you creepers at @CNN ht‚Ä¶,23
259,-0.4404,0.142,0.142,0.067,@CNN,2018-03-29 18:14:23,"RT @eh3810: @ingrahamangle
@davidhogg111 
@cnn

How dare you invoke religion ‚Äúin the spirit of Holy Week‚Äù. You didn‚Äôt give a shit about rel‚Ä¶",24
260,-0.4753,0.128,0.128,0.0,@CNN,2018-03-29 18:14:23,RT @President1Trump: #BREAKING Judge denies stormy Daniels motion to depose @POTUS! Take that @wolfblitzer &amp; all of you creepers at @CNN ht‚Ä¶,25
261,-0.3818,0.102,0.102,0.0,@CNN,2018-03-29 18:14:22,RT @CNN: JUST IN: Russia is expelling US diplomats and closing the US consulate in St. Petersburg in retaliation for a similar move by Wash‚Ä¶,26
262,-0.5884,0.206,0.206,0.058,@CNN,2018-03-29 18:14:21,RT @ElderLansing: So LeBron James supports the March For Our Lies gun grab but in 2014 he and his wife visited Lock and Load gun range in M‚Ä¶,27
263,-0.5696,0.38,0.38,0.0,@CNN,2018-03-29 18:14:20,@CNN 98% polled were democrats ! Fake news !,28
264,0.0,0.0,0.0,0.0,@CNN,2018-03-29 18:14:20,"If this was the comment made, it is then an attempt at #history being rewritten by @CNN https://t.co/5weDpiTrA9",29
265,0.0,0.0,0.0,0.0,@CNN,2018-03-29 18:14:20,"RT @rameshchahal: #SaintMSG_Initiative57
#‡§Æ‡•Å‡§´‡•ç‡§§_‡§π‡§ï
‡§ñ‡§∞‡•ç‡§ö‡•Ä‡§≤‡•Ä ‡§®‡•ç‡§Ø‡§æ‡§Ø ‡§™‡•ç‡§∞‡§£‡§æ‡§≤‡•Ä ‡§µ‡•ç‡§Ø‡§µ‡§∏‡•ç‡§•‡§æ ‡§∏‡•á ‡§®‡§ø‡§™‡§ü‡§®‡•á ‡§ï‡•á ‡§≤‡§ø‡§Ø‡•á @derasachasauda ‡§®‡•á 684 ‡§µ‡§ï‡•Ä‡§≤‡•ã‡§Ç ‡§ï‡§æ ‡§™‡•à‡§®‡§≤ ‡§¨‚Ä¶",30
266,0.2023,0.193,0.193,0.255,@CNN,2018-03-29 18:14:19,"RT @CNN: This curious cheetah hopped into a car on a safari trip. Thankfully, everyone remained calm, and no one was hurt https://t.co/2BxR‚Ä¶",31
267,-0.4753,0.128,0.128,0.0,@CNN,2018-03-29 18:14:18,RT @President1Trump: #BREAKING Judge denies stormy Daniels motion to depose @POTUS! Take that @wolfblitzer &amp; all of you creepers at @CNN ht‚Ä¶,32
268,-0.3818,0.102,0.102,0.0,@CNN,2018-03-29 18:14:18,RT @CNN: JUST IN: Russia is expelling US diplomats and closing the US consulate in St. Petersburg in retaliation for a similar move by Wash‚Ä¶,33
269,0.2732,0.102,0.102,0.2,@CNN,2018-03-29 18:14:18,"RT @FFRBookSeries: Holocaust mini-memorials go missing amid far-right backlash 

Germany's far-right party AfD is challenging not just Demn‚Ä¶",34
270,0.0,0.0,0.0,0.0,@CNN,2018-03-29 18:14:18,@Berlin8465 @cnni @CNN üòÇüòÇüòÇ,35
271,0.2023,0.193,0.193,0.255,@CNN,2018-03-29 18:14:17,"RT @CNN: This curious cheetah hopped into a car on a safari trip. Thankfully, everyone remained calm, and no one was hurt https://t.co/2BxR‚Ä¶",36
272,0.3786,0.0,0.0,0.156,@CNN,2018-03-29 18:14:17,"RT @jjordancox: .@CNN Boardroom: ""His vision is actually working, quick! change the narrative!"" @realDonaldTrump https://t.co/ld2bJKcdxO",37
273,-0.5859,0.21,0.21,0.076,@CNN,2018-03-29 18:14:15,@UNreal_Donald_T @JonJusth @POTUS @CNN @MSNBC @maddow @Lawrence Could be or some potent emotional killing method of‚Ä¶ https://t.co/Ze5UDxbUEB,38
274,0.4939,0.0,0.0,0.144,@CNN,2018-03-29 18:14:14,"RT @ryanstruyk: Key stat from @CNN poll on 2018 midterm congressional vote --&gt;

Extremely/very enthusiastic to vote:
Democrats 60%
Republic‚Ä¶",39
275,-0.4588,0.158,0.158,0.0,@CNN,2018-03-29 18:14:14,"RT @CNN: Sears CEO Eddie Lampert got a  24% raise last year, despite the company's financial troubles https://t.co/a70k7RcA1v",40
276,-0.3818,0.102,0.102,0.0,@CNN,2018-03-29 18:14:13,RT @CNN: JUST IN: Russia is expelling US diplomats and closing the US consulate in St. Petersburg in retaliation for a similar move by Wash‚Ä¶,41
277,0.5267,0.168,0.168,0.336,@CNN,2018-03-29 18:14:13,RT @CNN: A 12-year-old boy who survived cancer finally got his wish: a kiss from Pope Francis https://t.co/KaRc60GdZu https://t.co/QUhA0Y7T‚Ä¶,42
278,-0.3818,0.102,0.102,0.0,@CNN,2018-03-29 18:14:11,RT @CNN: JUST IN: Russia is expelling US diplomats and closing the US consulate in St. Petersburg in retaliation for a similar move by Wash‚Ä¶,43
279,-0.2263,0.174,0.174,0.0,@CNN,2018-03-29 18:14:11,@owen_walkley @CNN üëáüèºüëáüèºüëáüèºknowing what we‚Äôve suspected all along üëáüèºüëáüèºüëáüèº https://t.co/VFrM0Tb37X,44
280,-0.4753,0.128,0.128,0.0,@CNN,2018-03-29 18:14:10,RT @President1Trump: #BREAKING Judge denies stormy Daniels motion to depose @POTUS! Take that @wolfblitzer &amp; all of you creepers at @CNN ht‚Ä¶,45
281,-0.4753,0.128,0.128,0.0,@CNN,2018-03-29 18:14:09,RT @President1Trump: #BREAKING Judge denies stormy Daniels motion to depose @POTUS! Take that @wolfblitzer &amp; all of you creepers at @CNN ht‚Ä¶,46
282,-0.6739,0.43,0.43,0.0,@CNN,2018-03-29 18:14:09,"@President1Trump @POTUS @wolfblitzer @CNN #SCOREBOARD, POTUS - 1 SLUT - 0",47
283,-0.4753,0.128,0.128,0.0,@CNN,2018-03-29 18:14:09,RT @President1Trump: #BREAKING Judge denies stormy Daniels motion to depose @POTUS! Take that @wolfblitzer &amp; all of you creepers at @CNN ht‚Ä¶,48
284,0.5267,0.0,0.0,0.327,@CNN,2018-03-29 18:14:08,@CNN Tweety Bird casts his wisdom upon us.,49
285,-0.765,0.485,0.485,0.0,@CNN,2018-03-29 18:14:08,Cops fatally shoot man holding cell phone @CNN https://t.co/yHtuJDhERo,50
286,-0.1779,0.116,0.116,0.0,@CNN,2018-03-29 18:14:08,"RT @CNN: Trump is touting his infrastructure plans in in Ohio

Live updates: https://t.co/MzxsHvkBYZ",51
287,-0.5719,0.255,0.255,0.118,@CNN,2018-03-29 18:14:04,Once again @KatyTurNBC and irresponsible producers at @MSNBC hand the open mike to the Racist Jester. At least @CNN‚Ä¶ https://t.co/XgaO9nJx8I,52
288,0.0,0.0,0.0,0.0,@CNN,2018-03-29 18:14:03,@CNN Surprise!!!! Not.,53
289,0.4215,0.0,0.0,0.135,@CNN,2018-03-29 18:14:03,RT @Justsaytruth18: REPORT: Broward County Schools sitting on $100 Million allocated for school safety since 2014.Where is @davidhogg111 &amp;‚Ä¶,54
290,0.3786,0.0,0.0,0.156,@CNN,2018-03-29 18:14:03,"RT @jjordancox: .@CNN Boardroom: ""His vision is actually working, quick! change the narrative!"" @realDonaldTrump https://t.co/ld2bJKcdxO",55
291,0.3786,0.0,0.0,0.156,@CNN,2018-03-29 18:14:03,"RT @jjordancox: .@CNN Boardroom: ""His vision is actually working, quick! change the narrative!"" @realDonaldTrump https://t.co/ld2bJKcdxO",56
292,-0.4753,0.128,0.128,0.0,@CNN,2018-03-29 18:14:02,RT @President1Trump: #BREAKING Judge denies stormy Daniels motion to depose @POTUS! Take that @wolfblitzer &amp; all of you creepers at @CNN ht‚Ä¶,57
293,0.6369,0.0,0.0,0.206,@CNN,2018-03-29 18:14:02,RT @CNN: Why Trump pardoning Paul Manafort or Michael Flynn would look at lot like quid pro quo | Analysis by @zbyronwolf https://t.co/b1tC‚Ä¶,58
294,0.4207,0.163,0.163,0.239,@CNN,2018-03-29 18:14:01,"@CNN Good, screw the Russians. We‚Äôre not better off working with despite what our dumb President Trump says.",59
295,0.4158,0.186,0.186,0.322,@CNN,2018-03-29 18:14:01,@CNN There goes CNN with more bad polls...just like Hillary was a 97% win,60
296,-0.8398,0.409,0.409,0.0,@CNN,2018-03-29 18:14:01,"RT @hredriders: Stop acting a fool. Nobody buys your shit! @davidhogg111 @realDonaldTrump @CNN
#HoggWash 
#FakeNews 
#CNN https://t.co/zaLV‚Ä¶",61
297,0.0,0.0,0.0,0.0,@CNN,2018-03-29 18:14:01,@CNN CORRECTION: #Trump is spewing bullsh*t to his base in ohio.,62
298,-0.7644,0.268,0.268,0.0,@CNN,2018-03-29 18:14:01,@CNN Trump sells arms to other countries &amp; blaming Russians...to make sales. This is dangerous! According to UK new‚Ä¶ https://t.co/hSHioDMWKA,63
299,0.0,0.0,0.0,0.0,@CNN,2018-03-29 18:14:00,@cnn @msnbc @maddow @CNNPolitics @ABCPolitics @ABC @CBSNews @NBCNews @CBSTweet @CBS @nbc @realDonaldTrump @cnnbrk‚Ä¶ https://t.co/dd9DcQ26Fz,64
300,0.4215,0.0,0.0,0.189,@CNN,2018-03-29 18:13:59,@CNN @JackPosobiec Is it true or did you see it on CNN? https://t.co/shHT82OsTQ,65
301,-0.3818,0.102,0.102,0.0,@CNN,2018-03-29 18:13:58,RT @CNN: JUST IN: Russia is expelling US diplomats and closing the US consulate in St. Petersburg in retaliation for a similar move by Wash‚Ä¶,66
302,0.836,0.0,0.0,0.317,@CNN,2018-03-29 18:13:58,@CNN Take the usual 10% off that phony poll and he wins by a landslide. Love those accurate polls. üòÇüòÇ,67
303,0.0,0.0,0.0,0.0,@CNN,2018-03-29 18:13:58,"RT @Mechul_Fani: This is banditry!
5 Turkish teachers&amp;1Doctor hijacked by Turks in Kosovo.The Kosovo state became a joint venture
@UN
@RebH‚Ä¶",68
304,-0.4753,0.128,0.128,0.0,@CNN,2018-03-29 18:13:58,RT @President1Trump: #BREAKING Judge denies stormy Daniels motion to depose @POTUS! Take that @wolfblitzer &amp; all of you creepers at @CNN ht‚Ä¶,69
305,0.0,0.0,0.0,0.0,@CNN,2018-03-29 18:13:57,"RT @rameshchahal: #SaintMSG_Initiative58
#‡§≠‡§∞‡•ã‡§∏‡•á_‡§ï‡§æ_‡§∏‡§π‡§æ‡§∞‡§æ
‡§ë‡§®‡§∞ ‡§ï‡§ø‡§≤‡§ø‡§Ç‡§ó ‡§ú‡•à‡§∏‡•á ‡§¨‡•á‡§≤‡§ó‡§æ‡§Æ ‡§Ö‡§™‡§∞‡§æ‡§ß‡•ã‡§Ç ‡§™‡§∞ ‡§≤‡§ó‡§æ‡§Æ ‡§ï‡§∏‡§®‡•á ‡§ï‡•á ‡§≤‡§ø‡§Ø‡•á ‡§°‡•á‡§∞‡§æ ‡§Ö‡§®‡•Å‡§Ø‡§æ‡§Ø‡•Ä ‡§Æ‡§ß‡•ç‡§Ø‡§∏‡•ç‡§•‡§§‡§æ ‡§ï‡§∞ ‡§ò‡§∞‚Ä¶",70
306,0.0,0.0,0.0,0.0,@CNN,2018-03-29 18:13:56,This is so surreal - the way so many are ‚Äúattacking‚Äù students for speaking out and expressing their own voices.  Sh‚Ä¶ https://t.co/qtxFhsgXlJ,71
307,0.6808,0.0,0.0,0.583,@CNN,2018-03-29 18:13:56,@CNN 45 approved it already lol,72
308,0.0,0.0,0.0,0.0,@CNN,2018-03-29 18:13:56,@alozras411 @davidhogg111 is a harlot of the political activists employed at #MSM @CNN @ABC @CBSNews @NBCNews‚Ä¶ https://t.co/ayqMqc8FJm,73
309,-0.4753,0.128,0.128,0.0,@CNN,2018-03-29 18:13:56,RT @President1Trump: #BREAKING Judge denies stormy Daniels motion to depose @POTUS! Take that @wolfblitzer &amp; all of you creepers at @CNN ht‚Ä¶,74
310,-0.34,0.231,0.231,0.0,@CNN,2018-03-29 18:13:55,"@CNN ""in in.?""

Go home you're drunk again CNN.",75
311,-0.3818,0.102,0.102,0.0,@CNN,2018-03-29 18:13:55,RT @CNN: JUST IN: Russia is expelling US diplomats and closing the US consulate in St. Petersburg in retaliation for a similar move by Wash‚Ä¶,76
312,0.0,0.0,0.0,0.0,@CNN,2018-03-29 18:13:54,@KatyTurNBC @MSNBC @CNN @AriMelber @JoyAnnReid @CoryBooker @KamalaHarris @FBI @chrislhayes @maddow @PhilMurphyNJ‚Ä¶ https://t.co/15z5XTKD3F,77
313,0.6369,0.0,0.0,0.206,@CNN,2018-03-29 18:13:54,RT @CNN: Why Trump pardoning Paul Manafort or Michael Flynn would look at lot like quid pro quo | Analysis by @zbyronwolf https://t.co/b1tC‚Ä¶,78
314,0.6369,0.0,0.0,0.375,@CNN,2018-03-29 18:13:53,@CNN Trump is the best president ever. #MAGA,79
315,-0.0173,0.166,0.166,0.203,@CNN,2018-03-29 18:13:53,@CNN History of Trump tweets linking Amazon to his hatred of Washington Post / Bezos... he's CLEARLY being vindicti‚Ä¶ https://t.co/yYVrZ5s2O7,80
316,0.0,0.0,0.0,0.0,@CNN,2018-03-29 18:13:52,@CNN F*** Donald Trump,81
317,0.2023,0.193,0.193,0.255,@CNN,2018-03-29 18:13:52,"RT @CNN: This curious cheetah hopped into a car on a safari trip. Thankfully, everyone remained calm, and no one was hurt https://t.co/2BxR‚Ä¶",82
318,0.4215,0.0,0.0,0.483,@CNN,2018-03-29 18:13:52,@CNN Presum abely lol,83
319,-0.3818,0.191,0.191,0.0,@CNN,2018-03-29 18:13:52,Russia expels US diplomats and shuts consulate in tit-for-tat move @CNN https://t.co/EGDwzvoSBj,84
320,0.25,0.066,0.066,0.117,@CNN,2018-03-29 18:13:52,"@CNN Santorum apologizing for misspoke, Laura Ingraham apologized to David Hogg for misspoke, this is what republicans are.",85
321,0.2023,0.193,0.193,0.255,@CNN,2018-03-29 18:13:51,"RT @CNN: This curious cheetah hopped into a car on a safari trip. Thankfully, everyone remained calm, and no one was hurt https://t.co/2BxR‚Ä¶",86
322,0.128,0.129,0.129,0.178,@CNN,2018-03-29 18:13:50,@CNN The desire for complete NATO control of Europe is obvious. US and Europe are scapegoating Russia for public support to go to war.,87
323,-0.4767,0.22,0.22,0.0,@CNN,2018-03-29 18:13:50,Everyone thinks @TheOnion is real news and @cnn is fake news https://t.co/evE278GJrc,88
324,-0.1779,0.116,0.116,0.0,@CNN,2018-03-29 18:13:50,"RT @CNN: Trump is touting his infrastructure plans in in Ohio

Live updates: https://t.co/MzxsHvkBYZ",89
325,-0.25,0.095,0.095,0.0,@CNN,2018-03-29 18:13:45,@MariaBarry19 @Acosta @realDonaldTrump @CNN That wall trump is talking about is being torn down in the photos and r‚Ä¶ https://t.co/V5LlxaAeC5,90
326,0.6249,0.152,0.152,0.372,@CNN,2018-03-29 18:13:43,"RT @ninraut: #FeminismIsCancer Never accept kindness&amp;  #CrimeHasNoGender
#FakeFeminism encourage &amp; support  #FakeCases to destroy Indian-Ma‚Ä¶",91
327,0.0,0.0,0.0,0.0,@CNN,2018-03-29 18:13:43,@CNN Run Hillary again.,92
328,0.0,0.0,0.0,0.0,@CNN,2018-03-29 18:13:42,To @MSNBC and @CNN. You put that Russian traitor on and I shut you off.,93
329,0.0,0.0,0.0,0.0,@CNN,2018-03-29 18:13:42,RT @terri_georgia: Why I blew the whistle on the Rick Perry meeting @CNN https://t.co/vypQMgueQz,94
330,0.0,0.0,0.0,0.0,@CNN,2018-03-29 18:13:41,@Pissyjo @CNN üñïüèªüñïüèªüñïüèªCNN!!!!!,95
331,-0.3182,0.095,0.095,0.0,@CNN,2018-03-29 18:13:40,RT @CNN: Kellyanne Conway's husband has begun deleting a series of tweets he posted in the past month that are critical of President Trump‚Ä¶,96
332,-0.7574,0.371,0.371,0.0,@CNN,2018-03-29 18:13:39,@CNN @zbyronwolf Fake news brought to you by the king of fake news!,97
333,0.2023,0.193,0.193,0.255,@CNN,2018-03-29 18:13:39,"RT @CNN: This curious cheetah hopped into a car on a safari trip. Thankfully, everyone remained calm, and no one was hurt https://t.co/2BxR‚Ä¶",98
334,0.0,0.0,0.0,0.0,@CNN,2018-03-29 18:13:38,RT @johnekroll: #HRCvideo #ReleaseTheVideo #TheGreatAwakening #InternetBillofRights #QAnon #openingday #rustystaub #westwood  @cnn @realdon‚Ä¶,99
335,0.2023,0.193,0.193,0.255,@CNN,2018-03-29 18:13:38,"RT @CNN: This curious cheetah hopped into a car on a safari trip. Thankfully, everyone remained calm, and no one was hurt https://t.co/2BxR‚Ä¶",100
336,0.3612,0.0,0.0,0.111,@FoxNews,2018-03-29 18:14:44,RT @kurteichenwald: ...I learned from @foxnews. The photo is real.  @therealroseanne burned cookies looking like people in an oven while dr‚Ä¶,1
337,-0.6597,0.386,0.386,0.0,@FoxNews,2018-03-29 18:14:42,@FoxNews @foxandfriends @DLoesch She is a face of evil.,2
338,0.0772,0.0,0.0,0.053,@FoxNews,2018-03-29 18:14:42,"RT @FoxNews: .@POTUS on jobs: ""So many others coming back with massive amounts of money. They all want to be back in the USA.""",3
339,0.5837,0.0,0.0,0.191,@FoxNews,2018-03-29 18:14:42,@FoxNews @MWilkinson1974 @realDonaldTrump @therealroseanne You can bet ...it‚Äôs was a night of popcorn and laughs for the Potus!! üòÑ,4
340,0.0,0.0,0.0,0.0,@FoxNews,2018-03-29 18:14:42,"RT @Unpersuaded112: Too late Laura ( @IngrahamAngle @foxnews ) you can‚Äôt put this back in the bottle, we are going for all 12. You dont mea‚Ä¶",5
341,-0.2732,0.199,0.199,0.138,@FoxNews,2018-03-29 18:14:41,RT @funder: Laura Ingraham should be fired from @FoxNews. Retweet if you agree. #FireIngraham,6
342,-0.2732,0.199,0.199,0.138,@FoxNews,2018-03-29 18:14:41,RT @funder: Laura Ingraham should be fired from @FoxNews. Retweet if you agree. #FireIngraham,7
343,-0.6801,0.383,0.383,0.0,@FoxNews,2018-03-29 18:14:41,@FoxNews @POTUS Mmmmmm fake news and plan do more no more,8
344,0.0,0.0,0.0,0.0,@FoxNews,2018-03-29 18:14:40,RT @FoxNews: Graphic sex video causes juror to faint during San Antonio trial https://t.co/Fo1rpS1wJH,9
345,0.0,0.0,0.0,0.0,@FoxNews,2018-03-29 18:14:40,"RT @gsaytyranny: .@MelissaHoughto6 
.@realDonaldTrump 
.@BettySwernofsky 
.@Mar714 .@FoxNews
.@BriteEyes8 
Anyone see a Pattern Here?
Toxic‚Ä¶",10
346,0.0,0.0,0.0,0.0,@FoxNews,2018-03-29 18:14:40,RT @AnthemRespect: .@FoxNews on #Periscope: Trump in Ohio https://t.co/rxw70sGjwg,11
347,-0.2732,0.199,0.199,0.138,@FoxNews,2018-03-29 18:14:40,RT @funder: Laura Ingraham should be fired from @FoxNews. Retweet if you agree. #FireIngraham,12
348,0.3612,0.0,0.0,0.111,@FoxNews,2018-03-29 18:14:39,RT @kurteichenwald: ...I learned from @foxnews. The photo is real.  @therealroseanne burned cookies looking like people in an oven while dr‚Ä¶,13
349,0.0,0.0,0.0,0.0,@FoxNews,2018-03-29 18:14:39,@FoxNews @realDonaldTrump @realDonaldTrump speech needs More Shoes!!! https://t.co/bWpwZUJqef,14
350,-0.8074,0.327,0.327,0.091,@FoxNews,2018-03-29 18:14:39,"RT @BRights1776: @FoxNews They hated him then. 
They hate him now. 
No epiphany there. 

Yet they shall indeed marvel at such miscalculatio‚Ä¶",15
351,0.0,0.0,0.0,0.0,@FoxNews,2018-03-29 18:14:39,@FoxNews @foxandfriends @DLoesch Who FAUXS?,16
352,-0.2732,0.199,0.199,0.138,@FoxNews,2018-03-29 18:14:39,RT @funder: Laura Ingraham should be fired from @FoxNews. Retweet if you agree. #FireIngraham,17
353,0.0,0.0,0.0,0.0,@FoxNews,2018-03-29 18:14:38,RT @FoxNews: .@DevinNunes: ‚ÄúThe left has continued to say that ‚ÄòThis is Watergate‚Äô and ‚Äò#Trump‚Äôs going to be impeached.‚Äô They‚Äôve continued‚Ä¶,18
354,0.0516,0.129,0.129,0.14,@FoxNews,2018-03-29 18:14:37,"RT @TheDemCoalition: Only hours after #ParklandShooting survivor @DavidHogg111 called for a boycott of @IngrahamAngle's advertisers, there'‚Ä¶",19
355,0.0772,0.0,0.0,0.075,@FoxNews,2018-03-29 18:14:37,"RT @FoxNews: .@POTUS: ""We've eliminated a record number of job-killing regulations, that's why [companies are] coming back."" https://t.co/x‚Ä¶",20
356,-0.25,0.14,0.14,0.104,@FoxNews,2018-03-29 18:14:37,"RT @TomByron4: @PerezHilton @zsarrina @FoxNews So this Bimbo has r sorted to bullying a soon to be 18 year old.
Stay classy Ingraham.
You w‚Ä¶",21
357,0.2732,0.0,0.0,0.13,@FoxNews,2018-03-29 18:14:37,@FoxNews @POTUS Need to get rid of this crooked judge he must be a Trump supporter,22
358,0.5256,0.0,0.0,0.207,@FoxNews,2018-03-29 18:14:37,"@FoxNews @POTUS @Apple 1

https://t.co/TbhecfPL8z

[[[ AMAZON? POST OFFICE???
GSA's Trump Hotel Lease Debacle‚Ä¶ https://t.co/ueRTVQn08p",23
359,0.0,0.0,0.0,0.0,@FoxNews,2018-03-29 18:14:37,@FoxNews @SashaFB So many idiots I can‚Äôt believe it.,24
360,0.5106,0.0,0.0,0.177,@FoxNews,2018-03-29 18:14:36,@FoxNews @SashaFB I can't believe she used Hillary and intelligent in the same sentence. Thats what you call an oxymoron... or just moron...,25
361,0.7964,0.0,0.0,0.336,@FoxNews,2018-03-29 18:14:36,"RT @FoxNews: .@POTUS: ""American workers are truly the best in the world. Right? The best."" https://t.co/E9Ifk3Taz3",26
362,0.2003,0.199,0.199,0.253,@FoxNews,2018-03-29 18:14:36,@ChrisEvans @shayde311 Hey @FoxNews! Even Captain America hates you. Congrats?,27
363,0.0258,0.118,0.118,0.123,@FoxNews,2018-03-29 18:14:35,"RT @FoxNews: .@POTUS: ""My administration is fighting every day to protect and defend and grow American jobs."" https://t.co/DQgdrcUkI9",28
364,0.0,0.0,0.0,0.0,@FoxNews,2018-03-29 18:14:35,@MamaRee1987 @CNN @amazon @realDonaldTrump @HillaryClinton @BarackObama @BillGates @FoxNews @NFL .@BillyBaldwin How‚Ä¶ https://t.co/wxN8xV1RYU,29
365,0.3612,0.0,0.0,0.111,@FoxNews,2018-03-29 18:14:35,RT @kurteichenwald: ...I learned from @foxnews. The photo is real.  @therealroseanne burned cookies looking like people in an oven while dr‚Ä¶,30
366,0.0,0.0,0.0,0.0,@FoxNews,2018-03-29 18:14:35,@FoxNews @POTUS He means PUTIN https://t.co/7bC41YcbdV,31
367,-0.5994,0.196,0.196,0.0,@FoxNews,2018-03-29 18:14:35,"RT @FoxNews: ICE's 'violent felon', who escaped custody at NYC airport, reportedly fled during meal break https://t.co/HsOjWMK8yH",32
368,0.0,0.0,0.0,0.0,@FoxNews,2018-03-29 18:14:33,RT @FoxNews: 'Serial Stowaway' deemed unfit to stand trial https://t.co/L9hcGJ3Ol5,33
369,0.0,0.0,0.0,0.0,@FoxNews,2018-03-29 18:14:33,"RT @FoxNews: ""I just got a letter from Donald Trump!""

Eight-year-old Fore Putnam receives a response from @realDonaldTrump after writing t‚Ä¶",34
370,0.0516,0.129,0.129,0.14,@FoxNews,2018-03-29 18:14:33,"RT @TheDemCoalition: Only hours after #ParklandShooting survivor @DavidHogg111 called for a boycott of @IngrahamAngle's advertisers, there'‚Ä¶",35
371,0.4939,0.089,0.089,0.202,@FoxNews,2018-03-29 18:14:33,"RT @FoxNews: .@POTUS: ""Joined by our friends here in Ohio, my administration is fighting every day to protect, defend and grow American job‚Ä¶",36
372,0.5994,0.0,0.0,0.189,@FoxNews,2018-03-29 18:14:32,"RT @FoxNews: .@PressSec on North Korea: ‚ÄúWe‚Äôre going to be cautiously optimistic, but we feel like things are moving in the right direction‚Ä¶",37
373,-0.8625,0.364,0.364,0.0,@FoxNews,2018-03-29 18:14:32,@FoxNews @POTUS How brazen can a big name whore get? I guess just being a porn whore is brazen enough.,38
374,0.5904,0.0,0.0,0.154,@FoxNews,2018-03-29 18:14:32,"RT @SiddonsDan3: MY FRIENDS LETS GET .@RealDrGina TO 100K TONIGHT. GINA IS AT 99..4K

-FREQUENTLY ON @FoxNews 
-MEDIA ADVISORY BOARD FOR @r‚Ä¶",39
375,-0.5719,0.19,0.19,0.0,@FoxNews,2018-03-29 18:14:32,"RT @auctionman67: @FoxNews @POTUS high priced hooker was never going to get a president to court. Common sense , fake  news tricked you aga‚Ä¶",40
376,-0.2732,0.199,0.199,0.138,@FoxNews,2018-03-29 18:14:31,RT @funder: Laura Ingraham should be fired from @FoxNews. Retweet if you agree. #FireIngraham,41
377,0.5023,0.097,0.097,0.234,@FoxNews,2018-03-29 18:14:31,"RT @MorganJamesTal1: @Mike2themike @washingtonpost @FoxNews No, but it‚Äôs a good club to be in.",42
378,0.5627,0.0,0.0,0.214,@FoxNews,2018-03-29 18:14:31,"@FoxNews @foxandfriends @DLoesch First of all, I'd assume most kids haven't used a gun to protect themselves and ar‚Ä¶ https://t.co/aJyLXgVRd5",43
379,-0.5106,0.13,0.13,0.0,@FoxNews,2018-03-29 18:14:30,"RT @007_aciz: Five teachers and one doctor were abducted by MIT in KOSAVA.

The names of the kidnappers
1-Cihan √ñzkan
2-Kahraman Demirez
3-‚Ä¶",44
380,0.0,0.0,0.0,0.0,@FoxNews,2018-03-29 18:14:30,"@Pooky25125006 @FoxNews @brookefoxnews Didn't read the article, did ya?",45
381,0.0,0.0,0.0,0.0,@FoxNews,2018-03-29 18:14:30,@FoxNews @dbongino @NRA @therealroseanne #AbortionIsMurder #GodBlessAmerica #GodBlessOurVeterans #GodBless45 #IAmtheNRA,46
382,0.0,0.0,0.0,0.0,@FoxNews,2018-03-29 18:14:30,"RT @FoxNews: .@KennedyNation: ""We're going in the right direction if you're talking about privatization and the VA... We have done such an‚Ä¶",47
383,0.3612,0.0,0.0,0.111,@FoxNews,2018-03-29 18:14:30,RT @kurteichenwald: ...I learned from @foxnews. The photo is real.  @therealroseanne burned cookies looking like people in an oven while dr‚Ä¶,48
384,0.4215,0.0,0.0,0.237,@FoxNews,2018-03-29 18:14:29,@davidfinnerty @federicoalves @FoxNews @POTUS Actually I meant to say the* lol,49
385,0.0,0.0,0.0,0.0,@FoxNews,2018-03-29 18:14:28,"@GOP @ScottWalker @HouseGOP @FoxNews Walker turned down by 3 different judges before ""throwing the towel in"". Was t‚Ä¶ https://t.co/nnsTKYbOZg",50
386,0.4588,0.136,0.136,0.273,@FoxNews,2018-03-29 18:14:28,"RT @spiritmoon7: Dear @LibertyMutual
@IngrahamAngle &amp; others @FoxNews are attacking &amp; slurring courageous #StonemanDouglas massacre survivo‚Ä¶",51
387,0.0772,0.0,0.0,0.053,@FoxNews,2018-03-29 18:14:28,"RT @FoxNews: .@POTUS on jobs: ""So many others coming back with massive amounts of money. They all want to be back in the USA.""",52
388,-0.3182,0.131,0.131,0.082,@FoxNews,2018-03-29 18:14:27,"RT @FoxNews: .@KatiePavlich: ‚ÄúWhen you commit a crime as a U.S. citizen, you don‚Äôt get to decide when you get to evade law enforcement.‚Äù #O‚Ä¶",53
389,0.0,0.0,0.0,0.0,@FoxNews,2018-03-29 18:14:27,@RodStryker @davidcicilline @MikeTokes @TuckerCarlson @OANN @GovMikeHuckabee @Trumperland @Education4Libs‚Ä¶ https://t.co/4qzPUZKPgt,54
390,-0.5267,0.236,0.236,0.0,@FoxNews,2018-03-29 18:14:27,@colin_kovacs @peterstocking @Education4Libs @FoxNews Look at his page. He is that stupid.,55
391,0.6124,0.136,0.136,0.33,@FoxNews,2018-03-29 18:14:27,"@atrainsperduti @TomArnold @greggutfeld @FoxNews He‚Äôs living, but alive?  No.  Hasn‚Äôt been alive for years.",56
392,0.0772,0.0,0.0,0.075,@FoxNews,2018-03-29 18:14:27,"RT @FoxNews: .@POTUS: ""We've eliminated a record number of job-killing regulations, that's why [companies are] coming back."" https://t.co/x‚Ä¶",57
393,0.4215,0.0,0.0,0.128,@FoxNews,2018-03-29 18:14:26,"RT @RealCandaceO: ‚Äú@realDonaldTrump represents the first opportunity for black Americans to jump off of this ideological slave ship, that i‚Ä¶",58
394,0.0,0.0,0.0,0.0,@FoxNews,2018-03-29 18:14:26,RT @kimanne123: Advertisers should be RUNNING Away from @foxnews Anyway https://t.co/6rs2SbsZXX,59
395,0.0,0.0,0.0,0.0,@FoxNews,2018-03-29 18:14:25,RT @AnthemRespect: .@FoxNews on #Periscope: Trump in Ohio https://t.co/rxw70sGjwg,60
396,-0.4215,0.189,0.189,0.0,@FoxNews,2018-03-29 18:14:25,RT @FoxNews: BREAKING NEWS: Judge denies Stormy Daniels' motion to depose @POTUS. https://t.co/USabT5qDpc,61
397,-0.5423,0.243,0.243,0.0,@FoxNews,2018-03-29 18:14:24,@kurteichenwald @FoxNews @therealroseanne I could find no words to express my perplexed revulsion. Your words were‚Ä¶ https://t.co/CYJdYOnWSf,62
398,0.0,0.0,0.0,0.0,@FoxNews,2018-03-29 18:14:23,"RT @FoxNews: President @realDonaldTrump speaks about infrastructure in Richfield, Ohio. https://t.co/1C0a3qpnkn",63
399,-0.2732,0.199,0.199,0.138,@FoxNews,2018-03-29 18:14:23,RT @funder: Laura Ingraham should be fired from @FoxNews. Retweet if you agree. #FireIngraham,64
400,-0.5106,0.524,0.524,0.0,@FoxNews,2018-03-29 18:14:23,@FoxNews @POTUS üòÇüòÇüòÇüòÇ liar,65
401,-0.2732,0.188,0.188,0.131,@FoxNews,2018-03-29 18:14:23,RT @freeblm: Laura Ingraham should be fired from @FoxNews. Retweet if you agree. #FireIngraham #rt,66
402,0.0772,0.0,0.0,0.075,@FoxNews,2018-03-29 18:14:23,"RT @FoxNews: .@POTUS: ""We've eliminated a record number of job-killing regulations, that's why [companies are] coming back."" https://t.co/x‚Ä¶",67
403,0.0,0.0,0.0,0.0,@FoxNews,2018-03-29 18:14:23,@FoxNews Dropping Netflix,68
404,0.0,0.0,0.0,0.0,@FoxNews,2018-03-29 18:14:22,@MorganJamesTal1 @Mike2themike @washingtonpost @FoxNews The club of reality based living.  üòÅ,69
405,0.0772,0.0,0.0,0.075,@FoxNews,2018-03-29 18:14:20,"RT @FoxNews: .@POTUS: ""We've eliminated a record number of job-killing regulations, that's why [companies are] coming back."" https://t.co/x‚Ä¶",70
406,-0.1471,0.143,0.143,0.12,@FoxNews,2018-03-29 18:14:20,"RT @U_talkin_2me: Reminder, @BillOReilly wasn't fired from @FoxNews b/c of a history of sexual harassment (Fox covered it up). 

O'Reilly w‚Ä¶",71
407,0.0,0.0,0.0,0.0,@FoxNews,2018-03-29 18:14:20,"RT @konusaamiyorsun: Yine Adam Ka√ßƒ±rma- E≈ûKƒ∞YALƒ∞K
Kosova T√ºrk Okullarƒ±ndan

Cihan √ñzkan
Kahraman Demirez
Hasan H√ºseyin G√ºnakan
Mustafa Erde‚Ä¶",72
408,-0.5574,0.159,0.159,0.0,@FoxNews,2018-03-29 18:14:19,"RT @FoxNews: .@DarellIssa: ""The abuses which appear to be systematic by the Obama Administration... that's going to take prosecution."" #Out‚Ä¶",73
409,0.0,0.0,0.0,0.0,@FoxNews,2018-03-29 18:14:19,@FoxNews @POTUS Especially divorce lawyers,74
410,0.0,0.0,0.0,0.0,@FoxNews,2018-03-29 18:14:19,RT @AnthemRespect: .@FoxNews on #Periscope: Trump in Ohio https://t.co/rxw70sGjwg,75
411,-0.4404,0.195,0.195,0.0,@FoxNews,2018-03-29 18:14:19,"RT @breaking411: Stormy Daniels' motion to depose Trump, Cohen denied https://t.co/8CDqaie23U @FoxNews https://t.co/5JZjy9bD98",76
412,0.5267,0.0,0.0,0.161,@FoxNews,2018-03-29 18:14:19,RT @MaryEMcGlynn: It's the feeling of done and done and so much done with you @IngrahamAngle. Hope more advertisers will be done with you t‚Ä¶,77
413,-0.0772,0.075,0.075,0.0,@FoxNews,2018-03-29 18:14:19,I'm still on the  #BoycottIngramAdverts. She's apologizing because her pockets are being ripped. She's not apologiz‚Ä¶ https://t.co/MZSH4uEPS8,78
414,0.0,0.0,0.0,0.0,@FoxNews,2018-03-29 18:14:18,"@ericrosby1 @FoxNews For future reference, adolescent years are considered 13-19. So by your logic you shouldn‚Äôt ta‚Ä¶ https://t.co/mmlEIG6ESE",79
415,0.0,0.0,0.0,0.0,@FoxNews,2018-03-29 18:14:18,RT @AnthemRespect: .@FoxNews on #Periscope: Trump in Ohio https://t.co/rxw70sGjwg,80
416,0.0,0.0,0.0,0.0,@FoxNews,2018-03-29 18:14:18,@FoxNews @realDonaldTrump @therealroseanne What??.... Did he grab your pussy ?,81
417,0.0,0.0,0.0,0.0,@FoxNews,2018-03-29 18:14:18,@OHB1996 @RobertB2D2 @Larrypolya22 @FoxNews I can buy a 30rd mag for a Glock and a 30rd for an AR. I have used hi-c‚Ä¶ https://t.co/290qQ502tE,82
418,0.0,0.0,0.0,0.0,@FoxNews,2018-03-29 18:14:17,"RT @FoxNews: .@RepJoeWilson: ""What Putin is doing is he's taking the country in such a direction that it's going to be against [Russia's] i‚Ä¶",83
419,0.0,0.0,0.0,0.0,@FoxNews,2018-03-29 18:14:17,@JessicaTarlov @AmericaNewsroom @FoxNews A five minute phone call isn't a big chunk of time from POTUS's schedule.‚Ä¶ https://t.co/oh3oTqypq3,84
420,0.0,0.0,0.0,0.0,@FoxNews,2018-03-29 18:14:16,"RT @FoxNews: President @realDonaldTrump speaks about infrastructure in Richfield, Ohio. https://t.co/1C0a3qpnkn",85
421,0.6841,0.0,0.0,0.607,@FoxNews,2018-03-29 18:14:15,@FoxNews @foxandfriends @DLoesch LMAO,86
422,0.0,0.0,0.0,0.0,@FoxNews,2018-03-29 18:14:14,RT @MariaBartiromo: https://t.co/anWqfy0LFd @MorningsMaria @FoxBusiness @FoxNews @SundayFutures,87
423,0.5719,0.0,0.0,0.156,@FoxNews,2018-03-29 18:14:14,@KyleWyllie @garygreno @FoxNews Question is can you afford the therapy when he wins again in 2020. If not you shoul‚Ä¶ https://t.co/dZdrurCwbT,88
424,0.3612,0.0,0.0,0.111,@FoxNews,2018-03-29 18:14:13,RT @kurteichenwald: ...I learned from @foxnews. The photo is real.  @therealroseanne burned cookies looking like people in an oven while dr‚Ä¶,89
425,0.6705,0.0,0.0,0.244,@FoxNews,2018-03-29 18:14:12,"RT @FoxNews: President @realDonaldTrump phoned @therealroseanne to congratulate her on the revival of her sitcom, which was a huge ratings‚Ä¶",90
426,0.4019,0.0,0.0,0.109,@FoxNews,2018-03-29 18:14:12,"RT @FoxNews: .@DevinNunes: ""Fusion GPS was paid by the Democratic Party and the Clinton campaign to collude and interact with Russians to g‚Ä¶",91
427,0.4767,0.0,0.0,0.162,@FoxNews,2018-03-29 18:14:12,@IngrahamAngle @davidhogg111 Corrected it for you: Any student should be proud of a 4.2 GPA ‚Äîincl. @DavidHogg111.‚Ä¶ https://t.co/VIPaIfvxnm,92
428,-0.7184,0.327,0.327,0.096,@FoxNews,2018-03-29 18:14:12,"@CNBC Thank you TripAdvisor for dumping Laura Ingraham
She's a bully who attacked a child that just lived through a‚Ä¶ https://t.co/HnHmJUfk3j",93
429,0.4939,0.089,0.089,0.202,@FoxNews,2018-03-29 18:14:11,"RT @FoxNews: .@POTUS: ""Joined by our friends here in Ohio, my administration is fighting every day to protect, defend and grow American job‚Ä¶",94
430,-0.2732,0.191,0.191,0.104,@FoxNews,2018-03-29 18:14:10,RT @frangeladuo: Fox Anchor Laura Ingraham Mocked A Parkland Survivor And He Responded By Calling For A Boycott -SERIOUSLY? @FoxNews your h‚Ä¶,95
431,0.0,0.0,0.0,0.0,@FoxNews,2018-03-29 18:14:10,"RT @FoxNews: .@POTUS: ""[@Apple is] gonna be investing $350 billion."" https://t.co/5Qc4gm4fd7",96
432,-0.5859,0.432,0.432,0.0,@FoxNews,2018-03-29 18:14:10,@FoxNews @POTUS yawn. same ol bullshit,97
433,-0.8381,0.265,0.265,0.0,@FoxNews,2018-03-29 18:14:10,RT @1mjas: I don't often get this mad. But Laura has pissed me off for a while. @FoxNews and @IngrahamAngle kneeled down to the Deep State‚Ä¶,98
434,0.4939,0.0,0.0,0.225,@FoxNews,2018-03-29 18:14:10,RT @FoxNews: #Trump personally called Roseanne to congratulate her on ratings https://t.co/KCJt2XjG2s,99
435,-0.5106,0.125,0.125,0.0,@nytimes,2018-03-29 18:14:50,RT @nytimes: A white woman became the first person in South Africa to be sent to prison for her repeated use of a racial slur https://t.co/‚Ä¶,1
436,0.0,0.0,0.0,0.0,@nytimes,2018-03-29 18:14:48,@JoannaRodlopez @nytimes @realDonaldTrump @IvankaTrump @JaredKusher Bring on the nukes,2
437,0.0,0.0,0.0,0.0,@nytimes,2018-03-29 18:14:47,@marybethgasman @Twitter @DiverseIssues @insidehighered @chronicle @hechingerreport @washingtonpost @nytimes‚Ä¶ https://t.co/X03CTko0jj,3
438,-0.765,0.347,0.347,0.116,@nytimes,2018-03-29 18:14:47,@SenSchumer @nytimes if you cared about democracy you'd be all over voter fraud. What the hell?,4
439,0.0,0.0,0.0,0.0,@nytimes,2018-03-29 18:14:43,"@nytimes üòÇüòÇ You could of choose from a million different words &amp; you chose those? 

Its time for you to come out of‚Ä¶ https://t.co/062VbceLHe",5
440,0.0,0.0,0.0,0.0,@nytimes,2018-03-29 18:14:42,"RT @joanmariapique: A The New York Times: ‚ÄúEspanya, incapa√ß de guanyar Catalunya a les urnes, porta la lluita a Europa‚Äù. 

Via @QuimMonzo @‚Ä¶",6
441,0.0,0.0,0.0,0.0,@nytimes,2018-03-29 18:14:41,"Silence isn't the absence of something ... it's the presence of everything ...!
Video: Sanctuaries of Silence, via‚Ä¶ https://t.co/dapLwdvDPe",7
442,0.0,0.0,0.0,0.0,@nytimes,2018-03-29 18:14:41,"RT @nytimes: A Maryland appeals court vacated the conviction of Adnan Syed, a subject of the hit podcast ""Serial‚Äù https://t.co/tF7Wz5XGVg",8
443,0.0,0.0,0.0,0.0,@nytimes,2018-03-29 18:14:39,"RT @nytimes: A Maryland appeals court vacated the conviction of Adnan Syed, a subject of the hit podcast ""Serial‚Äù https://t.co/tF7Wz5XGVg",9
444,0.0,0.0,0.0,0.0,@nytimes,2018-03-29 18:14:34,"RT @nytimes: A Maryland appeals court vacated the conviction of Adnan Syed, a subject of the hit podcast ""Serial‚Äù https://t.co/tF7Wz5XGVg",10
445,-0.5719,0.299,0.299,0.0,@nytimes,2018-03-29 18:14:34,@WLD01 @RepTedDeutch @nytimes You still buy into Russia hacked the election FakeNews propaganda?,11
446,0.8225,0.0,0.0,0.375,@nytimes,2018-03-29 18:14:34,"RT @nytimes: ""The president and America needs a wise, steady and thoughtful national security advisor,"" former Secretary of Defense Chuck H‚Ä¶",12
447,0.0,0.0,0.0,0.0,@nytimes,2018-03-29 18:14:34,RT @BeverleeHughes3: @QueenMab87 @TheAtlantic @nytimes @the_wing #FireTheAtlantic.,13
448,-0.4588,0.115,0.115,0.0,@nytimes,2018-03-29 18:14:32,"RT @carlzimmer: Chile‚Äôs scientists are up in arms about the recent study on Ata, the not-alien baby. ‚ÄúIt‚Äôs offensive for the girl, for her‚Ä¶",14
449,-0.4404,0.139,0.139,0.0,@nytimes,2018-03-29 18:14:30,"RT @Duramadera: @Bella_ofA @nytimes Decision to expel western diplomats made by highest level Russian advisory council to Putin., including‚Ä¶",15
450,0.2846,0.0,0.0,0.107,@nytimes,2018-03-29 18:14:30,RT @QueenMab87: @dksaga1 @BlueSteelDC @TheAtlantic @nytimes @the_wing To be honest I haven‚Äôt looked into the allegations that closely but D‚Ä¶,16
451,0.0,0.0,0.0,0.0,@nytimes,2018-03-29 18:14:30,RT @ldelevingne: Newton Glassman's Catalyst Capital took out this full page ad in @nytimes today in response to our @specialreports investi‚Ä¶,17
452,-0.5106,0.13,0.13,0.0,@nytimes,2018-03-29 18:14:30,"RT @007_aciz: Five teachers and one doctor were abducted by MIT in KOSAVA.

The names of the kidnappers
1-Cihan √ñzkan
2-Kahraman Demirez
3-‚Ä¶",18
453,0.3182,0.0,0.0,0.103,@nytimes,2018-03-29 18:14:29,RT @RepTedDeutch: Trump previously hinted he wanted to pardon Flynn and now the @nytimes is reporting that Trump‚Äôs lawyers were ‚Äúfloating‚Äù‚Ä¶,19
454,-0.357,0.383,0.383,0.0,@nytimes,2018-03-29 18:14:22,@SpankyDennison @nytimes His not welcome,20
455,0.1779,0.095,0.095,0.126,@nytimes,2018-03-29 18:14:20,@nytimes Your taste in news coverage is questionable. Why should we believe your taste in hot dogs is any better.,21
456,0.0,0.0,0.0,0.0,@nytimes,2018-03-29 18:14:19,RT @carlzimmer: Frogs worldwide are getting wiped out by a deadly fungus. But a handful of species seem to be rebounding. For my new @nytim‚Ä¶,22
457,0.3818,0.0,0.0,0.106,@nytimes,2018-03-29 18:14:17,"""When he made it to the Culinary Institute, his final thesis focused on Caribbean food. Then in his early 20s, he d‚Ä¶ https://t.co/UzBmMu9frN",23
458,-0.489,0.165,0.165,0.0,@nytimes,2018-03-29 18:14:17,"@stephenpollard @nytimes Having read this piece, I am (again) so utterly discomforted by the fringe Jews (Lansman,‚Ä¶ https://t.co/fDSfACShS6",24
459,0.0,0.0,0.0,0.0,@nytimes,2018-03-29 18:14:16,RT @QueenMab87: @BlueSteelDC @TheAtlantic @nytimes @the_wing https://t.co/0LyGdJ18tC,25
460,0.8481,0.142,0.142,0.504,@nytimes,2018-03-29 18:14:14,"@jrwebbdotnet @RepTedDeutch @nytimes Hahaha. Riiiiight. Hahaha.

I love when Trump haters are triggered.",26
461,0.0,0.0,0.0,0.0,@nytimes,2018-03-29 18:14:14,"RT @OmerFazli: 5. (Cihan √ñzkan, Kahraman Demirez, Hasan G√ºnakan, Mustafa Erdem, Osman Karakaya and Yusuf Karabina)
Teachers who were detain‚Ä¶",27
462,-0.5106,0.155,0.155,0.0,@nytimes,2018-03-29 18:14:13,RT @OmerFazli: 4. Turkish spy agency transfers 6 abducted Turkish educators from Kosovo to Turkey. @HashimThaciRKS @hrw @UN @Europarl_EN @R‚Ä¶,28
463,0.4019,0.0,0.0,0.13,@nytimes,2018-03-29 18:14:13,@AmadiLekuti @nytimes Help me out and do explain the correlation between genodical rhetoric in South Africa today a‚Ä¶ https://t.co/0St9ww2sFm,29
464,-0.6486,0.17,0.17,0.0,@nytimes,2018-03-29 18:14:12,"RT @nytimes: Two police officers, 10 minutes, 20 bullets. Another unarmed black man is dead, and a furor over police shootings is reignited‚Ä¶",30
465,0.0,0.0,0.0,0.0,@nytimes,2018-03-29 18:14:11,"RT @OmerFazli: 5. (Cihan √ñzkan, Kahraman Demirez, Hasan G√ºnakan, Mustafa Erdem, Osman Karakaya and Yusuf Karabina)
Teachers who were detain‚Ä¶",31
466,0.0,0.0,0.0,0.0,@nytimes,2018-03-29 18:14:11,"RT @nytimes: A Maryland appeals court vacated the conviction of Adnan Syed, a subject of the hit podcast ""Serial‚Äù https://t.co/tF7Wz5XGVg",32
467,0.0,0.0,0.0,0.0,@nytimes,2018-03-29 18:14:10,"RT @joanmariapique: A The New York Times: ‚ÄúEspanya, incapa√ß de guanyar Catalunya a les urnes, porta la lluita a Europa‚Äù. 

Via @QuimMonzo @‚Ä¶",33
468,0.8225,0.0,0.0,0.375,@nytimes,2018-03-29 18:14:09,"RT @nytimes: ""The president and America needs a wise, steady and thoughtful national security advisor,"" former Secretary of Defense Chuck H‚Ä¶",34
469,-0.5106,0.193,0.193,0.0,@nytimes,2018-03-29 18:14:08,@nytimes Why persist w/ distorted notion that the 'tensions' are all due to aggressive and/or illicit actions by Mo‚Ä¶ https://t.co/Vr98lJVduF,35
470,0.4215,0.0,0.0,0.483,@nytimes,2018-03-29 18:14:07,@MaxinePWaters @nytimes 'Unprovoked' lol,36
471,0.0,0.0,0.0,0.0,@nytimes,2018-03-29 18:14:06,RT @carlzimmer: Frogs worldwide are getting wiped out by a deadly fungus. But a handful of species seem to be rebounding. For my new @nytim‚Ä¶,37
472,0.0,0.0,0.0,0.0,@nytimes,2018-03-29 18:14:02,"#LiarTurkishMedia
@ARDde
@ntvde
@NATO
@coalition
@nytimes
@AP
@guardian
@SenJohnMcCain
@brett_mcgurk
@FoxNews
@UN‚Ä¶ https://t.co/ikW2rEIOZI",38
473,0.0,0.0,0.0,0.0,@nytimes,2018-03-29 18:14:00,@cnn @msnbc @maddow @CNNPolitics @ABCPolitics @ABC @CBSNews @NBCNews @CBSTweet @CBS @nbc @realDonaldTrump @cnnbrk‚Ä¶ https://t.co/dd9DcQ26Fz,39
474,0.0,0.0,0.0,0.0,@nytimes,2018-03-29 18:13:58,"RT @Mechul_Fani: This is banditry!
5 Turkish teachers&amp;1Doctor hijacked by Turks in Kosovo.The Kosovo state became a joint venture
@UN
@RebH‚Ä¶",40
475,0.0,0.0,0.0,0.0,@nytimes,2018-03-29 18:13:56,"RT @nytimes: A Maryland appeals court vacated the conviction of Adnan Syed, a subject of the hit podcast ""Serial‚Äù https://t.co/tF7Wz5XGVg",41
476,0.0,0.0,0.0,0.0,@nytimes,2018-03-29 18:13:56,RT @carlzimmer: Frogs worldwide are getting wiped out by a deadly fungus. But a handful of species seem to be rebounding. For my new @nytim‚Ä¶,42
477,-0.5367,0.198,0.198,0.0,@nytimes,2018-03-29 18:13:56,@Tinamshortt @tishleejones @nytimes You are very mean and a bully. Malania will not stand for this,43
478,0.4215,0.0,0.0,0.123,@nytimes,2018-03-29 18:13:55,@nytimes While this diplomatics portion tit for tat is the day we nice ploy it is only extraordinary financial sanc‚Ä¶ https://t.co/cvBJUjBgVI,44
479,-0.4767,0.181,0.181,0.0,@nytimes,2018-03-29 18:13:55,RT @janetleehenders: How about it fake news? @ABCPolitics @CBSPolitics @NBCPolitics @CNNPolitics @donlemon @andersoncooper @wolfblitzer @ja‚Ä¶,45
480,-0.3612,0.122,0.122,0.0,@nytimes,2018-03-29 18:13:54,"RT @OmerFazli: 1. Detention of Turkish nationals in KOSOVO and their unlawful extradition to Turkey.
@HashimThaciRKS @hrw @UN @Europarl_EN‚Ä¶",46
481,0.0,0.0,0.0,0.0,@nytimes,2018-03-29 18:13:54,@KatyTurNBC @MSNBC @CNN @AriMelber @JoyAnnReid @CoryBooker @KamalaHarris @FBI @chrislhayes @maddow @PhilMurphyNJ‚Ä¶ https://t.co/15z5XTKD3F,47
482,-0.3252,0.25,0.25,0.0,@nytimes,2018-03-29 18:13:53,@nola_lady @nytimes @MarfanSyndrome1 Your bloodthirst cannot be satisfied,48
483,-0.6705,0.257,0.257,0.0,@nytimes,2018-03-29 18:13:53,@RedPillBen @nytimes Let's try another exercise... Google black people killed under apartheid.... I'll wait,49
484,0.0,0.0,0.0,0.0,@nytimes,2018-03-29 18:13:53,"RT @nytimes: A Maryland appeals court vacated the conviction of Adnan Syed, a subject of the hit podcast ""Serial‚Äù https://t.co/tF7Wz5XGVg",50
485,0.6249,0.0,0.0,0.291,@nytimes,2018-03-29 18:13:52,RT @neuroMOOC: Great. Another tactic to take down 45 @NYTimes https://t.co/V7SlX3fgUq,51
486,0.0,0.0,0.0,0.0,@nytimes,2018-03-29 18:13:48,"RT @nytimes: A Maryland appeals court vacated the conviction of Adnan Syed, a subject of the hit podcast ""Serial‚Äù https://t.co/tF7Wz5XGVg",52
487,-0.4404,0.116,0.116,0.0,@nytimes,2018-03-29 18:13:46,RT @nytimes: Eric Holder says he'll sue the Trump administration to block it from adding a question about citizenship to the 2020 census ht‚Ä¶,53
488,0.8748,0.0,0.0,0.555,@nytimes,2018-03-29 18:13:45,@BIGPictureBooks @whatSFSaid @nytimes Preording now. Thanks for sharing. This looks gorgeous!,54
489,0.0,0.0,0.0,0.0,@nytimes,2018-03-29 18:13:44,"RT @nytimes: A Maryland appeals court vacated the conviction of Adnan Syed, a subject of the hit podcast ""Serial‚Äù https://t.co/tF7Wz5XGVg",55
490,0.0,0.0,0.0,0.0,@nytimes,2018-03-29 18:13:43,"RT @nytimes: A Maryland appeals court vacated the conviction of Adnan Syed, a subject of the hit podcast ""Serial‚Äù https://t.co/tF7Wz5XGVg",56
491,0.4767,0.0,0.0,0.186,@nytimes,2018-03-29 18:13:43,"@nytimes Fair housing laws are important, otherwise we get a bunch of slum lords who overcharge for rent, don‚Äôt mai‚Ä¶ https://t.co/4UObylNlPi",57
492,0.0,0.0,0.0,0.0,@nytimes,2018-03-29 18:13:42,@JonHaidt @OsitaNwanevu @nytimes @TheAtlantic @washingtonpost False.  These outlets don't call themselves or admit‚Ä¶ https://t.co/q2cKp9yVFd,58
493,-0.539,0.148,0.148,0.0,@nytimes,2018-03-29 18:13:41,"RT @nytimes: In Opinion

David J. Shulkin writes: ""In recent months, the environment in Washington has turned so toxic, chaotic, disrespect‚Ä¶",59
494,0.0,0.0,0.0,0.0,@nytimes,2018-03-29 18:13:41,@nytimes If that happened in U.S. wouldn't be Enough prisons !!!!!!!,60
495,0.3182,0.0,0.0,0.126,@nytimes,2018-03-29 18:13:40,"RT @nytimes: 40% of Americans were obese in 2015 and 2016, a sharp increase from a decade earlier https://t.co/Rsql03shu8",61
496,-0.6705,0.299,0.299,0.059,@nytimes,2018-03-29 18:13:40,"Russia Will Expel 150 Diplomats, as Tensions With West Reach Fever Pitch   via @NYTimes https://t.co/XrIS6Aemrw",62
497,0.0,0.0,0.0,0.0,@nytimes,2018-03-29 18:13:39,"RT @joanmariapique: A The New York Times: ‚ÄúEspanya, incapa√ß de guanyar Catalunya a les urnes, porta la lluita a Europa‚Äù. 

Via @QuimMonzo @‚Ä¶",63
498,-0.5106,0.13,0.13,0.0,@nytimes,2018-03-29 18:13:36,"RT @007_aciz: Five teachers and one doctor were abducted by MIT in KOSAVA.

The names of the kidnappers
1-Cihan √ñzkan
2-Kahraman Demirez
3-‚Ä¶",64
499,0.0,0.0,0.0,0.0,@nytimes,2018-03-29 18:13:35,"RT @nytimes: A Maryland appeals court vacated the conviction of Adnan Syed, a subject of the hit podcast ""Serial‚Äù https://t.co/tF7Wz5XGVg",65
500,-0.5106,0.125,0.125,0.0,@nytimes,2018-03-29 18:13:34,RT @nytimes: A white woman became the first person in South Africa to be sent to prison for her repeated use of a racial slur https://t.co/‚Ä¶,66
501,0.0772,0.157,0.157,0.203,@nytimes,2018-03-29 18:13:33,"RT @nytimes: Thousands gathered in Paris to honor Mireille Knoll, an 85-year-old grandmother and Holocaust survivor who was murdered last w‚Ä¶",67
502,0.6369,0.0,0.0,0.198,@nytimes,2018-03-29 18:13:32,This recent exchange between A Columbia Law Professor and a @NYTimes writer perhaps best sums up journalism's cul d‚Ä¶ https://t.co/ROMHv43hIF,68
503,0.0,0.0,0.0,0.0,@nytimes,2018-03-29 18:13:31,RT @mexicano_activo: Those 2-Minute Walk Breaks? They Add Up   via @NYTimes https://t.co/IEZEE0zumh,69
504,0.0,0.0,0.0,0.0,@nytimes,2018-03-29 18:13:28,RT @msbeatrice_81: The @nytimes included #BurnTheStage in its list of recommendations for what to watch today on US TV/Media! @BTS_twt  htt‚Ä¶,70
505,0.0,0.0,0.0,0.0,@nytimes,2018-03-29 18:13:28,"""A Few Species of Frogs That Vanished May Be on the Rebound"" https://t.co/kkHVZQ2QuK via @nytimes",71
506,-0.32,0.288,0.288,0.431,@nytimes,2018-03-29 18:13:24,@nytimes @nytimes: Racism! Don't forget about racism!!!,72
507,0.5719,0.0,0.0,0.156,@nytimes,2018-03-29 18:13:22,"RT @QueenMab87: Kevin Williamson was just hired @TheAtlantic, Glenn Thrush was reinstated @nytimes, Gary Oldman just won an Oscar, Ryan Sea‚Ä¶",73
508,0.3182,0.0,0.0,0.103,@nytimes,2018-03-29 18:13:22,RT @RepTedDeutch: Trump previously hinted he wanted to pardon Flynn and now the @nytimes is reporting that Trump‚Äôs lawyers were ‚Äúfloating‚Äù‚Ä¶,74
509,0.1027,0.115,0.115,0.135,@nytimes,2018-03-29 18:13:22,"RT @StevenErlanger: Anti-Semitism Accusations Taint Labour Party, Once Home to U.K.‚Äôs Jews   via @NYTimes by @_StephenCastle  https://t.co/‚Ä¶",75
510,-0.4939,0.122,0.122,0.0,@nytimes,2018-03-29 18:13:22,"@SenSchumer @nytimes and why is citizenship not valid? Geez, you guys are non American yourself and need to be treated enemies of the state",76
511,0.3612,0.0,0.0,0.172,@nytimes,2018-03-29 18:13:21,@cocoisright @nytimes People like you have been saying that for over a year now.,77
512,0.0,0.0,0.0,0.0,@nytimes,2018-03-29 18:13:21,@joanmariapique @Topepeloz @QuimMonzo @nytimes Que peti tot !!,78
513,-0.5106,0.125,0.125,0.0,@nytimes,2018-03-29 18:13:20,RT @nytimes: A white woman became the first person in South Africa to be sent to prison for her repeated use of a racial slur https://t.co/‚Ä¶,79
514,0.3612,0.085,0.085,0.177,@nytimes,2018-03-29 18:13:19,"RT @nytimes: ‚ÄúA lot of white people are truly shocked by what these videos depict; I know very few African-Americans who are surprised"" htt‚Ä¶",80
515,0.25,0.0,0.0,0.125,@nytimes,2018-03-29 18:13:18,"""Adnan Syed of 'Serial‚Äô Is Granted a New Trial"" by LIAM STACK via @NYTimes https://t.co/Rxwx1rnuAf #USNews",81
516,-0.685,0.212,0.212,0.0,@nytimes,2018-03-29 18:13:17,RT @TweetsFromTonya: @tishleejones @nytimes I'm so sick of the apartide pods generation trying to take my guns. I've worked hard for them a‚Ä¶,82
517,0.0,0.0,0.0,0.0,@nytimes,2018-03-29 18:13:15,"RT @nytimes: A Maryland appeals court vacated the conviction of Adnan Syed, a subject of the hit podcast ""Serial‚Äù https://t.co/tF7Wz5XGVg",83
518,0.3182,0.0,0.0,0.099,@nytimes,2018-03-29 18:13:14,"RT @nytimes: Under Ben Carson, HUD is attempting to scale back federal efforts to enforce fair housing laws, sidelining officials who have‚Ä¶",84
519,0.0,0.0,0.0,0.0,@nytimes,2018-03-29 18:13:13,"RT @davidautor: Breathtakingly misguided @nytimes editorial on Trade and Jobs (https://t.co/rZZK0byOij), bungling the distinction btwn net‚Ä¶",85
520,0.0,0.0,0.0,0.0,@nytimes,2018-03-29 18:13:13,@nytimes  https://t.co/UUKsD0sxRw,86
521,0.0,0.0,0.0,0.0,@nytimes,2018-03-29 18:13:12,"RT @nytimes: A Maryland appeals court vacated the conviction of Adnan Syed, a subject of the hit podcast ""Serial‚Äù https://t.co/tF7Wz5XGVg",87
522,0.0,0.0,0.0,0.0,@nytimes,2018-03-29 18:13:11,RT @NinoDeSantis1: @nytimes @dealbook  https://t.co/jUKlvNDgw2,88
523,0.0,0.0,0.0,0.0,@nytimes,2018-03-29 18:13:07,"RT @joanmariapique: A The New York Times: ‚ÄúEspanya, incapa√ß de guanyar Catalunya a les urnes, porta la lluita a Europa‚Äù. 

Via @QuimMonzo @‚Ä¶",89
524,-0.34,0.103,0.103,0.0,@nytimes,2018-03-29 18:13:04,"RT @nytimes: In Opinion,
Isabelle Robinson, a senior at Marjory Stoneman Douglas High School, writes, ""The idea that we are to blame, even‚Ä¶",90
525,0.8225,0.0,0.0,0.375,@nytimes,2018-03-29 18:13:01,"RT @nytimes: ""The president and America needs a wise, steady and thoughtful national security advisor,"" former Secretary of Defense Chuck H‚Ä¶",91
526,-0.81,0.479,0.479,0.0,@nytimes,2018-03-29 18:13:01,@nytimes Shame on everyone for this shit show @therealroseanne @realDonaldTrump,92
527,0.9274,0.0,0.0,0.476,@nytimes,2018-03-29 18:13:00,RT @biancapallaro: Great pleasure meeting such talented people at the @nytimes newsroom. Thank you @albertsun @jeremybowers @mhkeller üôåüèºüòÄ h‚Ä¶,93
528,0.25,0.121,0.121,0.197,@nytimes,2018-03-29 18:13:00,"@nytimes Yes, Shulkin screwed up on his travel expenses. So have many others in the cabinet like Zinke and Pruitt.‚Ä¶ https://t.co/8ZwvSvQfeZ",94
529,0.2263,0.081,0.081,0.114,@nytimes,2018-03-29 18:12:59,"@BoF @nytimes We all saw it coming, the market changed and they didn‚Äôt adapt. No one is proud to wear H&amp;M their bra‚Ä¶ https://t.co/ANdKscuPEX",95
530,-0.5106,0.125,0.125,0.0,@nytimes,2018-03-29 18:12:59,RT @nytimes: A white woman became the first person in South Africa to be sent to prison for her repeated use of a racial slur https://t.co/‚Ä¶,96
531,0.3612,0.085,0.085,0.177,@nytimes,2018-03-29 18:12:59,"RT @nytimes: ‚ÄúA lot of white people are truly shocked by what these videos depict; I know very few African-Americans who are surprised"" htt‚Ä¶",97
532,-0.5106,0.125,0.125,0.0,@nytimes,2018-03-29 18:12:59,RT @nytimes: A white woman became the first person in South Africa to be sent to prison for her repeated use of a racial slur https://t.co/‚Ä¶,98
533,0.296,0.0,0.0,0.091,@nytimes,2018-03-29 18:12:58,RT @nytimes: The talks about possible pardons suggest that the White House was concerned about what Michael Flynn and Paul Manafort might r‚Ä¶,99
534,0.4404,0.0,0.0,0.225,@nytimes,2018-03-29 18:12:58,@nytimes Good. They should have given her the whole three years.,100
