,Compound,Negative,Neutral,Positive,Source,Tweet Date,Tweet Text,Tweets Ago
0,0.0,0.0,0.0,0.0,@BBC,2018-06-08 22:10:50,@BBCWorld @BBC https://t.co/6S0eevZONc,1
1,0.0,0.0,0.0,0.0,@BBC,2018-06-08 22:10:40,RT @Johnkamau7: @beverlyfelix3 @hickoryhill8520 @loratoug @DrLynnList @ToddTrotter3 @WhatASaviour7 @aref4950 @AntonyRugui @dibie_joy @poemo‚Ä¶,2
2,0.0,0.0,0.0,0.0,@BBC,2018-06-08 22:10:39,"RT @BBC: üé∂ Tonight, @ArcticMonkeys perform live for @BBCR1 at the legendary Maida Vale studios.

Artic Monkeys Live at the BBC | 11:05pm |‚Ä¶",3
3,0.6892,0.0,0.0,0.206,@BBC,2018-06-08 22:10:36,"@EB1caneyeB @Otto_English @MIkef45 @BBC When you think about it, ‚Äòwe‚Äô subsidise TPA through our TV licenses! It‚Äôs a great system!",4
4,0.0,0.0,0.0,0.0,@BBC,2018-06-08 22:10:31,RT @Johnkamau7: @beverlyfelix3 @hickoryhill8520 @loratoug @DrLynnList @ToddTrotter3 @WhatASaviour7 @aref4950 @AntonyRugui @dibie_joy @poemo‚Ä¶,5
5,0.0,0.0,0.0,0.0,@BBC,2018-06-08 22:10:07,"RT @BBC: üåäüíô A message from Sir David Attenborough for #WorldOceansDay. 
 https://t.co/778x4RMMRv",6
6,0.0,0.0,0.0,0.0,@BBC,2018-06-08 22:09:46,"RT @BBC6Music: Our #HearHer day is part of the @BBC‚Äôs Hear Her season, to mark 100 years since some women got the vote. Learn lots more at‚Ä¶",7
7,0.8271,0.0,0.0,0.293,@BBC,2018-06-08 22:09:20,RT @NijaActivist: Finally this Sars Guy got to my best friend today #EndSars Story so long but I‚Äôm glad he‚Äôs Out @segalink @BBCBreaking @BB‚Ä¶,8
8,0.8271,0.0,0.0,0.293,@BBC,2018-06-08 22:09:02,RT @NijaActivist: Finally this Sars Guy got to my best friend today #EndSars Story so long but I‚Äôm glad he‚Äôs Out @segalink @BBCBreaking @BB‚Ä¶,9
9,-0.8056,0.248,0.248,0.0,@BBC,2018-06-08 22:08:37,"RT @rick135b7: HINDU LADIES TALK ABOUT THE MASSACRES IN THEIR VILLAGES, AND THE LIES THEY WERE FORCED TO SAY - BY THE BENGALI MUSLIMS (so-c‚Ä¶",10
10,-0.3089,0.148,0.148,0.0,@BBC,2018-06-08 22:07:37,"RT @BBC: 'If the oceans don't stay healthy, human beings are doomed.' 
#WorldOceansDay https://t.co/5aTLEHZ9Mi",11
11,0.4215,0.0,0.0,0.113,@BBC,2018-06-08 22:07:24,"RT @ProSoundNews: NIGHT RECAP: @BBC to Close Iconic Maida Vale Studios, which hosted sessions from the likes of Bing Crosby, the Beatles an‚Ä¶",12
12,0.0,0.0,0.0,0.0,@BBC,2018-06-08 22:06:36,"RT @BBC: üåäüíô A message from Sir David Attenborough for #WorldOceansDay. 
 https://t.co/778x4RMMRv",13
13,0.8271,0.0,0.0,0.293,@BBC,2018-06-08 22:06:28,RT @NijaActivist: Finally this Sars Guy got to my best friend today #EndSars Story so long but I‚Äôm glad he‚Äôs Out @segalink @BBCBreaking @BB‚Ä¶,14
14,0.0,0.0,0.0,0.0,@BBC,2018-06-08 22:06:17,RT @emmancipator: @MsActiviss @MamaRose2017 @FBI @DNC @IndivisibleNet @AP @BBC @FRANCE24 @funder @Rosie @JimCarrey @Alyssa_Milano @robreine‚Ä¶,15
15,0.0,0.0,0.0,0.0,@BBC,2018-06-08 22:06:17,"RT @BBC: üåäüíô A message from Sir David Attenborough for #WorldOceansDay. 
 https://t.co/778x4RMMRv",16
16,0.5859,0.0,0.0,0.322,@BBC,2018-06-08 22:06:16,Everyone working on the #Ambulance are simply amazing @BBC,17
17,0.0,0.0,0.0,0.0,@BBC,2018-06-08 22:06:16,RT @Bolajister: @NijaActivist @segalink @BBCBreaking @BBC @CNN #EndSARS @CNNAfrica @BBCAfrica @SubDeliveryZone @segalink @MBuhari @MBuhari‚Ä¶,18
18,0.0,0.0,0.0,0.0,@BBC,2018-06-08 22:06:09,"RT @BBC: üé∂ Tonight, @ArcticMonkeys perform live for @BBCR1 at the legendary Maida Vale studios.

Artic Monkeys Live at the BBC | 11:05pm |‚Ä¶",19
19,0.0,0.0,0.0,0.0,@BBC,2018-06-08 22:06:07,@jasonsfolly @CHIMPSINSOCKS @davidwalliams @alexandramusic @daraobriain @ShobnaGulati @simon_francesca‚Ä¶ https://t.co/jVhmm7UAnI,20
20,0.4019,0.0,0.0,0.119,@BBC,2018-06-08 22:06:05,Yes retweet for that reason and also to get answer to why they get so much air time on @BBC https://t.co/icCh7nOJAP,21
21,-0.5719,0.19,0.19,0.074,@BBC,2018-06-08 22:06:04,RT @AldavisonA: @NijaActivist @oluwaloninyo @segalink @BBCBreaking @BBC @CNN There is an evil spirit associated with the present admin that‚Ä¶,22
22,0.0,0.0,0.0,0.0,@BBC,2018-06-08 22:05:56,"RT @Allatsea4: @BBC @Britnatureguide 5 factoids, on the #HighSeas (and why they need protection):

* 2 million unidentified species

* 95 p‚Ä¶",23
23,0.5413,0.0,0.0,0.225,@BBC,2018-06-08 22:05:53,"RT @BBC: These ducklings jumping from their nest are absolutely adorable. ü¶Üüê£‚ù§Ô∏èÔ∏è
https://t.co/NlQijnt3hm",24
24,0.4939,0.0,0.0,0.198,@BBC,2018-06-08 22:05:03,News: Tim Davie becomes CBE in Birthday Honours https://t.co/cQ1qK8YAh8 /via @radiotoday /cc @BBC #tv,25
25,-0.8591,0.321,0.321,0.0,@BBC,2018-06-08 22:05:00,Prince of Bessi village in Southern Cameroons murdered in cold blood by the brutal military of Cameroon.this is wha‚Ä¶ https://t.co/qO4WWk0Uvz,26
26,0.0,0.0,0.0,0.0,@BBC,2018-06-08 22:04:57,"RT @BBC6Music: Our #HearHer day is part of the @BBC‚Äôs Hear Her season, to mark 100 years since some women got the vote. Learn lots more at‚Ä¶",27
27,0.34,0.0,0.0,0.107,@BBC,2018-06-08 22:04:57,"RT @Nang07773569: #UN, I can assure you. If the body count that must qualify #GenocideInSouthernCameroons is 800,000 deaths then we are get‚Ä¶",28
28,0.8271,0.0,0.0,0.293,@BBC,2018-06-08 22:04:55,RT @NijaActivist: Finally this Sars Guy got to my best friend today #EndSars Story so long but I‚Äôm glad he‚Äôs Out @segalink @BBCBreaking @BB‚Ä¶,29
29,-0.8591,0.321,0.321,0.0,@BBC,2018-06-08 22:04:05,Prince of Bessi village in Southern Cameroons murdered in cold blood by the brutal military of Cameroon.this is wha‚Ä¶ https://t.co/ZOkFo8jOCj,30
30,-0.4767,0.508,0.508,0.0,@BBC,2018-06-08 22:03:54,@ProSoundNews @BBC Wrong picture,31
31,0.0,0.0,0.0,0.0,@BBC,2018-06-08 22:03:51,@BunmiIremide @RuggedyBaba @CNN @BBC @BBCAfrica @PulseNigeria247 @theNETng @wdbnigeria Amen!,32
32,0.0,0.0,0.0,0.0,@BBC,2018-06-08 22:03:12,"RT @BBC: üåäüíô A message from Sir David Attenborough for #WorldOceansDay. 
 https://t.co/778x4RMMRv",33
33,0.2263,0.074,0.074,0.108,@BBC,2018-06-08 22:02:29,RT @muschifuss998: Let us hope that the @BBC shows much of the propaganda campaign used to induce that result  .. buses with ¬£350 million..‚Ä¶,34
34,0.0,0.0,0.0,0.0,@BBC,2018-06-08 22:02:24,"RT @Allatsea4: @BBC @Britnatureguide 5 factoids, on the #HighSeas (and why they need protection):

* 2 million unidentified species

* 95 p‚Ä¶",35
35,0.0,0.0,0.0,0.0,@BBC,2018-06-08 22:02:20,"RT @BBC: üåäüíô A message from Sir David Attenborough for #WorldOceansDay. 
 https://t.co/778x4RMMRv",36
36,-0.8122,0.286,0.286,0.0,@BBC,2018-06-08 22:02:16,RT @Mekeme6: The world can no be so indifferent or quiet in the face of this genocide perpetrating by @PR_Paul_BIYA  and his brutal militar‚Ä¶,37
37,0.0,0.0,0.0,0.0,@BBC,2018-06-08 22:01:57,"@BBC @Britnatureguide 5 factoids, on the #HighSeas (and why they need protection):

* 2 million unidentified specie‚Ä¶ https://t.co/42J6u9Trms",38
38,0.4019,0.0,0.0,0.144,@BBC,2018-06-08 22:01:55,"@ValForsyth1 @BBC Yes he did. A long meeting, and a running text conversation throughout filming. Norman was funny‚Ä¶ https://t.co/0HoLM8oqGp",39
39,-0.5106,0.18,0.18,0.0,@BBC,2018-06-08 22:01:51,"RT @judithnwana: #SouthernCameroons pro-indep leaders &amp; @Refugees abducted in #Nigeria, allegedly extradited to #Cameroon by @NGRPresident‚Ä¶",40
40,-0.4767,0.154,0.154,0.0,@BBC,2018-06-08 22:01:49,Ileese √¨r√≤y√¨n @BBC il·∫πÃÄ Ad√∫l√°w·ªçÃÄ ·π£e √†l√†y√© n√≠pa ik√∫ Moshood Kashimawo Olawale Abiola GCFR. üò¢ #RIP https://t.co/GpVXxwSiXG,41
41,-0.3089,0.148,0.148,0.0,@BBC,2018-06-08 22:01:40,"RT @BBC: 'If the oceans don't stay healthy, human beings are doomed.' 
#WorldOceansDay https://t.co/5aTLEHZ9Mi",42
42,0.7896,0.0,0.0,0.275,@BBC,2018-06-08 22:01:24,"RT @ValeSilingardi: Please guys, make it happen! Let's give space and fuel to fantasy and creativity! üòÉ üëΩüëªü§ñüíëüëëüî´üîéüìö
#500words
 
@CHIMPSINSOCKS‚Ä¶",43
43,0.7896,0.0,0.0,0.296,@BBC,2018-06-08 22:00:54,"Please guys, make it happen! Let's give space and fuel to fantasy and creativity! üòÉ üëΩüëªü§ñüíëüëëüî´üîéüìö
#500words‚Ä¶ https://t.co/Bfdkpobacd",44
44,0.0,0.0,0.0,0.0,@BBC,2018-06-08 22:00:40,Hey @BBC @Channel4  why can‚Äôt there be equal representation on panel shows? You do realise that in reality there is‚Ä¶ https://t.co/bbCUzllpmk,45
45,0.8271,0.0,0.0,0.293,@BBC,2018-06-08 22:00:19,RT @NijaActivist: Finally this Sars Guy got to my best friend today #EndSars Story so long but I‚Äôm glad he‚Äôs Out @segalink @BBCBreaking @BB‚Ä¶,46
46,0.4574,0.0,0.0,0.125,@BBC,2018-06-08 22:00:15,"Heads up! The pavement along the Yanta Road in Xi'an now has a special lane for ""phubbers"" - people who stare at th‚Ä¶ https://t.co/X4PLWTDJNJ",47
47,-0.6077,0.24,0.24,0.093,@BBC,2018-06-08 22:00:07,@BBCWorld @BBC I'll tell ya what's behind it mate ... most women are sick and tired of banal journalism like yours.,48
48,0.0,0.0,0.0,0.0,@BBC,2018-06-08 22:00:05,Thats why their viewership numbers are PLUNGING!!! (oh Advertisers take note!) @DNC @MSNBC @POTUS @ABC @CNN @NBC‚Ä¶ https://t.co/Gkk5Q8eeYB,49
49,0.4215,0.0,0.0,0.123,@BBC,2018-06-08 22:00:00,"NIGHT RECAP: @BBC to Close Iconic Maida Vale Studios, which hosted sessions from the likes of Bing Crosby, the Beat‚Ä¶ https://t.co/KoQg3S5OmK",50
50,0.7759,0.067,0.067,0.268,@BBC,2018-06-08 21:59:27,"Is the @BBC, especially the @BBCNews trustworthy?
#totp #PMQs #bbcqt #marr #boris #TheresaMay #NHS #wca #pip #JC4PM üòÇ",51
51,0.8271,0.0,0.0,0.293,@BBC,2018-06-08 21:59:12,RT @NijaActivist: Finally this Sars Guy got to my best friend today #EndSars Story so long but I‚Äôm glad he‚Äôs Out @segalink @BBCBreaking @BB‚Ä¶,52
52,0.0,0.0,0.0,0.0,@BBC,2018-06-08 21:58:32,RT @Johnkamau7: @beverlyfelix3 @hickoryhill8520 @loratoug @DrLynnList @ToddTrotter3 @WhatASaviour7 @aref4950 @AntonyRugui @dibie_joy @poemo‚Ä¶,53
53,0.0,0.0,0.0,0.0,@BBC,2018-06-08 21:58:27,RT @BBC: Little girls don‚Äôt stay little forever. https://t.co/3yThJBbcUs,54
54,0.8934,0.0,0.0,0.416,@BBC,2018-06-08 21:58:15,"RT @jasonsfolly: Glorious day celebrating young talent at the #500words jamboree. Reunited with the luminous @CHIMPSINSOCKS, fanboyed shame‚Ä¶",55
55,0.0,0.0,0.0,0.0,@BBC,2018-06-08 21:57:45,@Vintage1983V @jasonsfolly @CHIMPSINSOCKS @davidwalliams @alexandramusic @daraobriain @ShobnaGulati‚Ä¶ https://t.co/MFcvAbtf6A,56
56,0.8271,0.0,0.0,0.293,@BBC,2018-06-08 21:57:39,RT @NijaActivist: Finally this Sars Guy got to my best friend today #EndSars Story so long but I‚Äôm glad he‚Äôs Out @segalink @BBCBreaking @BB‚Ä¶,57
57,0.8271,0.0,0.0,0.293,@BBC,2018-06-08 21:57:22,RT @NijaActivist: Finally this Sars Guy got to my best friend today #EndSars Story so long but I‚Äôm glad he‚Äôs Out @segalink @BBCBreaking @BB‚Ä¶,58
58,-0.3089,0.148,0.148,0.0,@BBC,2018-06-08 21:57:05,"RT @BBC: 'If the oceans don't stay healthy, human beings are doomed.' 
#WorldOceansDay https://t.co/5aTLEHZ9Mi",59
59,0.0,0.0,0.0,0.0,@BBC,2018-06-08 21:56:21,RT @MaristShame: @TheScotsman Scottish schools .....@Kinharvie_MP @Kinharvie_GD @BBC @SkyNews @ABC @leocushley @Pontifex @policescotland @M‚Ä¶,60
60,0.0,0.0,0.0,0.0,@BBC,2018-06-08 21:55:43,"RT @BBC: üåäüíô A message from Sir David Attenborough for #WorldOceansDay. 
 https://t.co/778x4RMMRv",61
61,0.0,0.0,0.0,0.0,@BBC,2018-06-08 21:55:42,"RT @BBC: üåäüíô A message from Sir David Attenborough for #WorldOceansDay. 
 https://t.co/778x4RMMRv",62
62,0.0,0.0,0.0,0.0,@BBC,2018-06-08 21:55:10,"RT @BBC: üåäüíô A message from Sir David Attenborough for #WorldOceansDay. 
 https://t.co/778x4RMMRv",63
63,0.8934,0.0,0.0,0.416,@BBC,2018-06-08 21:54:25,"RT @jasonsfolly: Glorious day celebrating young talent at the #500words jamboree. Reunited with the luminous @CHIMPSINSOCKS, fanboyed shame‚Ä¶",64
64,-0.6705,0.175,0.175,0.0,@BBC,2018-06-08 21:53:32,"RT @onhistodd: This is Mitch Benn who works on @BBC RADIO 4, we pay this Gammon his wages, and he represents the @BBC in the worst light wi‚Ä¶",65
65,0.6705,0.0,0.0,0.193,@BBC,2018-06-08 21:53:22,RT @martycon73: New poll out this morning for the @bbc shows support for a United Ireland 'neck and neck'. So a lot closer than the DUP and‚Ä¶,66
66,0.0,0.0,0.0,0.0,@BBC,2018-06-08 21:53:17,"RT @BBC: It's time to think about our plastic behaviour.
#WorldEnvironmentDay https://t.co/kSzSawpYLv",67
67,-0.1027,0.142,0.142,0.17,@BBC,2018-06-08 21:52:45,@Paul83Bottomley @illuminatus @onhistodd @BBC Is it wrong that I want to play an uromancer in my next d and d campaign,68
68,0.5719,0.0,0.0,0.176,@BBC,2018-06-08 21:52:39,RT @TheWomenOfWho: Who else played the Doctor Who Adventure Games? This show has SO many potential stories that it could base video games o‚Ä¶,69
69,0.0,0.0,0.0,0.0,@BBC,2018-06-08 21:52:30,"RT @BBC: üåäüíô A message from Sir David Attenborough for #WorldOceansDay. 
 https://t.co/778x4RMMRv",70
70,-0.6662,0.353,0.353,0.0,@BBC,2018-06-08 21:52:22,"@humantravl @withorpe @C1Christine @BBC I do, no one else seems that bothered ????",71
71,-0.4767,0.14,0.14,0.0,@BBC,2018-06-08 21:52:21,"@BBC can someone explain why the Graham Norton show, continues to receive license fee funding. Content poor and pol‚Ä¶ https://t.co/CsYhquDTe9",72
72,0.8271,0.0,0.0,0.293,@BBC,2018-06-08 21:52:17,RT @NijaActivist: Finally this Sars Guy got to my best friend today #EndSars Story so long but I‚Äôm glad he‚Äôs Out @segalink @BBCBreaking @BB‚Ä¶,73
73,0.0,0.0,0.0,0.0,@BBC,2018-06-08 21:51:33,@MsActiviss @MamaRose2017 @FBI @DNC @IndivisibleNet @AP @BBC @FRANCE24 @funder @Rosie @JimCarrey @Alyssa_Milano‚Ä¶ https://t.co/hLWRTYUw3I,74
74,0.0,0.0,0.0,0.0,@BBC,2018-06-08 21:50:54,"RT @BBC: üé∂ Tonight, @ArcticMonkeys perform live for @BBCR1 at the legendary Maida Vale studios.

Artic Monkeys Live at the BBC | 11:05pm |‚Ä¶",75
75,0.0,0.0,0.0,0.0,@BBC,2018-06-08 21:50:53,"RT @BBC: üåäüíô A message from Sir David Attenborough for #WorldOceansDay. 
 https://t.co/778x4RMMRv",76
76,0.0,0.0,0.0,0.0,@BBC,2018-06-08 21:50:19,"RT @BBC: üåäüíô A message from Sir David Attenborough for #WorldOceansDay. 
 https://t.co/778x4RMMRv",77
77,0.0,0.0,0.0,0.0,@BBC,2018-06-08 21:50:08,@onhistodd @BBC @NASA @MitchBenn Now who has a filthy mouth ?,78
78,0.0,0.0,0.0,0.0,@BBC,2018-06-08 21:50:08,@localnotail @_Repo @TheStephenRalph @afneil @bbcthisweek @BBC @10DowningStreet We could have worked closely togeth‚Ä¶ https://t.co/Rju6FKTnbs,79
79,0.0,0.0,0.0,0.0,@BBC,2018-06-08 21:49:41,RT @BBC: The unexpected pioneering women of electronic music. https://t.co/ih6gK1Sz0y,80
80,0.0,0.0,0.0,0.0,@BBC,2018-06-08 21:49:11,How the @bbc comes across speaking about @potus #newsnight https://t.co/GsNiOKupUl,81
81,0.0,0.0,0.0,0.0,@BBC,2018-06-08 21:49:06,"You won't hear this from the official channel of the Conservative Govt... The @BBC #Newsnight
It will lie like‚Ä¶ https://t.co/MRVip5Bp6G",82
82,0.4939,0.0,0.0,0.167,@BBC,2018-06-08 21:48:55,"Viam un moment. Hi ha Top Gear a Netflix, he posat l‚Äôepisodi m√©s recent que he trobat. Vaig sentir que la BBC havia‚Ä¶ https://t.co/XTTyK0024e",83
83,0.0,0.0,0.0,0.0,@BBC,2018-06-08 21:48:52,"RT @BBC: üé∂ Tonight, @ArcticMonkeys perform live for @BBCR1 at the legendary Maida Vale studios.

Artic Monkeys Live at the BBC | 11:05pm |‚Ä¶",84
84,-0.4939,0.16,0.16,0.0,@BBC,2018-06-08 21:48:24,@BBC long since stopped watching bbc tv ( lack of content ). Radio .. down to Ken now .. rip drivetime and jo while‚Ä¶ https://t.co/0rC5XYFqbI,85
85,0.3182,0.0,0.0,0.133,@BBC,2018-06-08 21:47:19,"@BBC @BBC6Music @ArcticMonkeys @BBCR1 @BBCTwo They‚Äôre male, are you sure they‚Äôre allowed on the #BBC? #HearHim",86
86,-0.0516,0.135,0.135,0.126,@BBC,2018-06-08 21:47:09,"@nytimes a good article would be an investigation about fake followers on social media, and how presidents (i.e Mor‚Ä¶ https://t.co/WlW4JBxFUy",87
87,0.0,0.0,0.0,0.0,@BBC,2018-06-08 21:46:16,"RT @BBC: üé∂ Tonight, @ArcticMonkeys perform live for @BBCR1 at the legendary Maida Vale studios.

Artic Monkeys Live at the BBC | 11:05pm |‚Ä¶",88
88,0.0,0.0,0.0,0.0,@BBC,2018-06-08 21:46:16,RT @KevinAllagapen: @ThinknBE @efoulon1 @NoussyBiba @michaelg10 oui je sais... c‚Äô√©tait du documentaire de @BBC: Red Ape: Saving the Orangut‚Ä¶,89
89,-0.3089,0.148,0.148,0.0,@BBC,2018-06-08 21:46:03,"RT @BBC: 'If the oceans don't stay healthy, human beings are doomed.' 
#WorldOceansDay https://t.co/5aTLEHZ9Mi",90
90,0.0,0.0,0.0,0.0,@BBC,2018-06-08 21:45:58,"RT @brianwong_: Panel discussion now on tue #Science of @realDonaldTrump @CheltSciFest feat. @DanKaszeta, @flimsin (@kclgeography @KingsCol‚Ä¶",91
91,0.0,0.0,0.0,0.0,@BBC,2018-06-08 22:10:50,@BBCWorld @BBC https://t.co/6S0eevZONc,92
92,0.0,0.0,0.0,0.0,@BBC,2018-06-08 22:10:40,RT @Johnkamau7: @beverlyfelix3 @hickoryhill8520 @loratoug @DrLynnList @ToddTrotter3 @WhatASaviour7 @aref4950 @AntonyRugui @dibie_joy @poemo‚Ä¶,93
93,0.0,0.0,0.0,0.0,@BBC,2018-06-08 22:10:39,"RT @BBC: üé∂ Tonight, @ArcticMonkeys perform live for @BBCR1 at the legendary Maida Vale studios.

Artic Monkeys Live at the BBC | 11:05pm |‚Ä¶",94
94,0.6892,0.0,0.0,0.206,@BBC,2018-06-08 22:10:36,"@EB1caneyeB @Otto_English @MIkef45 @BBC When you think about it, ‚Äòwe‚Äô subsidise TPA through our TV licenses! It‚Äôs a great system!",95
95,0.0,0.0,0.0,0.0,@BBC,2018-06-08 22:10:31,RT @Johnkamau7: @beverlyfelix3 @hickoryhill8520 @loratoug @DrLynnList @ToddTrotter3 @WhatASaviour7 @aref4950 @AntonyRugui @dibie_joy @poemo‚Ä¶,96
96,0.0,0.0,0.0,0.0,@BBC,2018-06-08 22:10:07,"RT @BBC: üåäüíô A message from Sir David Attenborough for #WorldOceansDay. 
 https://t.co/778x4RMMRv",97
97,0.0,0.0,0.0,0.0,@BBC,2018-06-08 22:09:46,"RT @BBC6Music: Our #HearHer day is part of the @BBC‚Äôs Hear Her season, to mark 100 years since some women got the vote. Learn lots more at‚Ä¶",98
98,0.8271,0.0,0.0,0.293,@BBC,2018-06-08 22:09:20,RT @NijaActivist: Finally this Sars Guy got to my best friend today #EndSars Story so long but I‚Äôm glad he‚Äôs Out @segalink @BBCBreaking @BB‚Ä¶,99
99,0.8271,0.0,0.0,0.293,@BBC,2018-06-08 22:09:02,RT @NijaActivist: Finally this Sars Guy got to my best friend today #EndSars Story so long but I‚Äôm glad he‚Äôs Out @segalink @BBCBreaking @BB‚Ä¶,100
100,-0.8056,0.248,0.248,0.0,@BBC,2018-06-08 22:08:37,"RT @rick135b7: HINDU LADIES TALK ABOUT THE MASSACRES IN THEIR VILLAGES, AND THE LIES THEY WERE FORCED TO SAY - BY THE BENGALI MUSLIMS (so-c‚Ä¶",101
101,-0.3089,0.148,0.148,0.0,@BBC,2018-06-08 22:07:37,"RT @BBC: 'If the oceans don't stay healthy, human beings are doomed.' 
#WorldOceansDay https://t.co/5aTLEHZ9Mi",102
102,0.4215,0.0,0.0,0.113,@BBC,2018-06-08 22:07:24,"RT @ProSoundNews: NIGHT RECAP: @BBC to Close Iconic Maida Vale Studios, which hosted sessions from the likes of Bing Crosby, the Beatles an‚Ä¶",103
103,0.0,0.0,0.0,0.0,@BBC,2018-06-08 22:06:36,"RT @BBC: üåäüíô A message from Sir David Attenborough for #WorldOceansDay. 
 https://t.co/778x4RMMRv",104
104,0.8271,0.0,0.0,0.293,@BBC,2018-06-08 22:06:28,RT @NijaActivist: Finally this Sars Guy got to my best friend today #EndSars Story so long but I‚Äôm glad he‚Äôs Out @segalink @BBCBreaking @BB‚Ä¶,105
105,0.0,0.0,0.0,0.0,@BBC,2018-06-08 22:06:17,RT @emmancipator: @MsActiviss @MamaRose2017 @FBI @DNC @IndivisibleNet @AP @BBC @FRANCE24 @funder @Rosie @JimCarrey @Alyssa_Milano @robreine‚Ä¶,106
106,0.0,0.0,0.0,0.0,@BBC,2018-06-08 22:06:17,"RT @BBC: üåäüíô A message from Sir David Attenborough for #WorldOceansDay. 
 https://t.co/778x4RMMRv",107
107,0.5859,0.0,0.0,0.322,@BBC,2018-06-08 22:06:16,Everyone working on the #Ambulance are simply amazing @BBC,108
108,0.0,0.0,0.0,0.0,@BBC,2018-06-08 22:06:16,RT @Bolajister: @NijaActivist @segalink @BBCBreaking @BBC @CNN #EndSARS @CNNAfrica @BBCAfrica @SubDeliveryZone @segalink @MBuhari @MBuhari‚Ä¶,109
109,0.0,0.0,0.0,0.0,@BBC,2018-06-08 22:06:09,"RT @BBC: üé∂ Tonight, @ArcticMonkeys perform live for @BBCR1 at the legendary Maida Vale studios.

Artic Monkeys Live at the BBC | 11:05pm |‚Ä¶",110
110,0.0,0.0,0.0,0.0,@BBC,2018-06-08 22:06:07,@jasonsfolly @CHIMPSINSOCKS @davidwalliams @alexandramusic @daraobriain @ShobnaGulati @simon_francesca‚Ä¶ https://t.co/jVhmm7UAnI,111
111,0.4019,0.0,0.0,0.119,@BBC,2018-06-08 22:06:05,Yes retweet for that reason and also to get answer to why they get so much air time on @BBC https://t.co/icCh7nOJAP,112
112,-0.5719,0.19,0.19,0.074,@BBC,2018-06-08 22:06:04,RT @AldavisonA: @NijaActivist @oluwaloninyo @segalink @BBCBreaking @BBC @CNN There is an evil spirit associated with the present admin that‚Ä¶,113
113,0.0,0.0,0.0,0.0,@BBC,2018-06-08 22:05:56,"RT @Allatsea4: @BBC @Britnatureguide 5 factoids, on the #HighSeas (and why they need protection):

* 2 million unidentified species

* 95 p‚Ä¶",114
114,0.5413,0.0,0.0,0.225,@BBC,2018-06-08 22:05:53,"RT @BBC: These ducklings jumping from their nest are absolutely adorable. ü¶Üüê£‚ù§Ô∏èÔ∏è
https://t.co/NlQijnt3hm",115
115,0.75,0.0,0.0,0.273,@CBS,2018-06-08 22:10:45,"RT @HawaiiFive0CBS: This fall, the Aloha State is getting backup. #H50 is proud to welcome @MagnumPICBS to @CBS! https://t.co/K65pjGqzYh",1
116,0.3561,0.184,0.184,0.241,@CBS,2018-06-08 22:10:26,@CBS come on people!!! You clearly made a mistake. Renew Scorpion cause you clearly made a mistake. The world wants‚Ä¶ https://t.co/cq1pUZiT6A,2
117,0.0,0.0,0.0,0.0,@CBS,2018-06-08 22:10:25,@David_Leavitt @CBS @Yahoo @ExaminerOnline @axs,3
118,0.0,0.0,0.0,0.0,@CBS,2018-06-08 22:10:08,RT @akoria: I choose you!  #SaveLucifer #PickUpLucifer @LesleyAnnBrandt @tomellis17 @dbwofficial @Ildymojo @CBS @AmazonStudios @netflix @hu‚Ä¶,4
119,0.4019,0.0,0.0,0.351,@CBS,2018-06-08 22:09:54,@David_Leavitt @CBS do you support this?,5
120,0.0,0.0,0.0,0.0,@CBS,2018-06-08 22:09:47,@David_Leavitt @CBS @Yahoo @ExaminerOnline you employee this dude? Might wanna reconsider. #whattadbag,6
121,-0.6249,0.194,0.194,0.0,@CBS,2018-06-08 22:09:46,RT @WF001Scorpion: And another reason why @ScorpionCBS should NOT have been canceled. Worst decision ever. @CBS #howthemightywillfall #save‚Ä¶,7
122,0.8398,0.0,0.0,0.37,@CBS,2018-06-08 22:09:23,RT @GodFriendedMe: An outspoken atheist's life takes a surprising turn when he accepts a social media friend request from God! Watch what h‚Ä¶,8
123,0.4404,0.0,0.0,0.209,@CBS,2018-06-08 22:09:04,RT @pjstevens0101: @DouglasHespelt @Grandje79727717 @killianfleury45 @chpspics @KayneSir @just_a_meow_mom @ScorpionWriters @CBS Surely the‚Ä¶,9
124,0.0,0.0,0.0,0.0,@CBS,2018-06-08 22:08:56,RT @pattysartwork: @DouglasHespelt @Grandje79727717 @killianfleury45 @chpspics @KayneSir @just_a_meow_mom @ScorpionWriters @CBS @ScorpionCB‚Ä¶,10
125,0.0,0.0,0.0,0.0,@CBS,2018-06-08 22:08:37,RT @DouglasHespelt: @Grandje79727717 @pjstevens0101 @killianfleury45 @chpspics @KayneSir @just_a_meow_mom @ScorpionWriters @CBS I am feelin‚Ä¶,11
126,0.0,0.0,0.0,0.0,@CBS,2018-06-08 22:08:31,RT @pattysartwork: @DouglasHespelt @Grandje79727717 @killianfleury45 @chpspics @KayneSir @just_a_meow_mom @ScorpionWriters @CBS I would als‚Ä¶,12
127,0.0,0.0,0.0,0.0,@CBS,2018-06-08 22:08:11,RT @Grandje79727717: @DouglasHespelt @killianfleury45 @chpspics @KayneSir @just_a_meow_mom @ScorpionWriters @CBS I'm not saying they did it‚Ä¶,13
128,0.0,0.0,0.0,0.0,@CBS,2018-06-08 22:08:11,@David_Leavitt @CBS @CBSNews @Yahoo @YahooNews @ExaminerOnline,14
129,-0.516,0.217,0.217,0.0,@CBS,2018-06-08 22:07:50,RT @pjstevens0101: @DouglasHespelt @Grandje79727717 @killianfleury45 @chpspics @KayneSir @just_a_meow_mom @ScorpionWriters @CBS FIGHT TO SA‚Ä¶,15
130,0.0,0.0,0.0,0.0,@CBS,2018-06-08 22:07:50,RT @DouglasHespelt: @Grandje79727717 @killianfleury45 @chpspics @KayneSir @just_a_meow_mom @ScorpionWriters @CBS I feel the writers are not‚Ä¶,16
131,0.0,0.0,0.0,0.0,@CBS,2018-06-08 22:07:36,RT @pattysartwork: @DouglasHespelt @Grandje79727717 @killianfleury45 @chpspics @KayneSir @just_a_meow_mom @ScorpionWriters @CBS I would als‚Ä¶,17
132,0.8591,0.0,0.0,0.368,@CBS,2018-06-08 22:07:32,"God bless 
I hope someone can help me understand with all the technology &amp; the money put into research &amp; Space prog‚Ä¶ https://t.co/al7MDGQ75m",18
133,0.0,0.0,0.0,0.0,@CBS,2018-06-08 22:07:02,RT @pattysartwork: @DouglasHespelt @Grandje79727717 @killianfleury45 @chpspics @KayneSir @just_a_meow_mom @ScorpionWriters @CBS @ScorpionCB‚Ä¶,19
134,0.4215,0.0,0.0,0.157,@CBS,2018-06-08 22:06:14,RT @JKCorden: Tonight‚Äôs @latelateshow might be one of my favorites of all time x @CBS 12.30 x #LateLateShawn,20
135,0.0,0.0,0.0,0.0,@CBS,2018-06-08 22:05:10,@antinth @Warrior_Chiari @David_Leavitt @CBS @Yahoo  https://t.co/0UBzO0ub5p,21
136,0.7717,0.0,0.0,0.251,@CBS,2018-06-08 22:05:10,RT @TheBrave2018: I think we can all agree this was one of the best Jalton moments ever #TheBrave #RedeployTheBrave @nbc @hulu @netflix @us‚Ä¶,22
137,0.0,0.0,0.0,0.0,@CBS,2018-06-08 22:05:03,@TheBrave2018 @nbc @hulu @netflix @USA_Network @tntdrama @CMT @paramountnet @mccumberc @valboreland @ABCNetwork‚Ä¶ https://t.co/Ie7A6WdMmS,23
138,0.6597,0.0,0.0,0.286,@CBS,2018-06-08 22:04:45,RT @YoungSheldon: Living with a child genius or a pop superstar each has its challenges. Join #YoungSheldon in welcoming @happytogether to‚Ä¶,24
139,0.357,0.0,0.0,0.127,@CBS,2018-06-08 22:04:26,@Onlybatcat @Jim_Jordan @CNN @POTUS Really so @CNN @CBS never attacked @BarackObama which then leads to you thinkin‚Ä¶ https://t.co/gi8cwWASs2,25
140,0.6369,0.0,0.0,0.208,@CBS,2018-06-08 22:04:06,"@CBSBigBrother @happytogether @CBS WWE Script writers will love Paul, Omarosa, Frankie, Amanda, and Aaron a lot. He‚Ä¶ https://t.co/Zn9AG4Uhbl",26
141,0.2808,0.153,0.153,0.194,@CBS,2018-06-08 22:03:53,"RT @Pepamint83: Code Black Fans 

Let's show CBS they made a HUGE mistake by cancelling #CodeBlack and show them our fan number's. 

PLEASE‚Ä¶",27
142,0.8221,0.0,0.0,0.518,@CBS,2018-06-08 22:02:51,@MomCBS @happytogether @CBS Looks like it will be a good funny show!,28
143,0.5584,0.093,0.093,0.213,@CBS,2018-06-08 22:02:46,"RT @IWillRedPillU: It seems VERY strange many of these cases are HUGE news, even the Department of Justice reports on their website that a‚Ä¶",29
144,-0.1759,0.066,0.066,0.0,@CBS,2018-06-08 22:02:23,"RT @MomCBS: If you thought having your #Mom as your roommate was hard, try living with an international pop star! Meet Jake, Claire, and Co‚Ä¶",30
145,0.0,0.0,0.0,0.0,@CBS,2018-06-08 22:02:08,@MtnMD @CNN @nbc @CBS @ABC @NPR @USATODAY @PBS @Reuters @AP How big do the ‚Äúincrements‚Äù need to get?,31
146,-0.296,0.109,0.109,0.0,@CBS,2018-06-08 22:02:00,@TheTonyAwards @springsteen @CBS Hi I missed your concert in 2013 when you was in the uk through developing breast‚Ä¶ https://t.co/uXzq9YLKOt,32
147,0.7883,0.048,0.048,0.322,@CBS,2018-06-08 22:01:52,"RT @Mus4everAddict: I can't stop crying, I don't want this incredible show to end, it's so good, we deserve more seasons https://t.co/2uoV9‚Ä¶",33
148,0.75,0.0,0.0,0.273,@CBS,2018-06-08 22:01:42,"RT @HawaiiFive0CBS: This fall, the Aloha State is getting backup. #H50 is proud to welcome @MagnumPICBS to @CBS! https://t.co/K65pjGqzYh",34
149,0.1593,0.203,0.203,0.224,@CBS,2018-06-08 22:01:36,Oh well sellers of liquid death LMFAO ! @AP @MSNBC @NBC @CBS @CNN @POTUS @ESPn @NPR Focus: New tariffs risk turning‚Ä¶ https://t.co/b6asdOopI3,35
150,0.6369,0.0,0.0,0.276,@CBS,2018-06-08 22:00:56,@SaraRamirez @PoseOnFX @VIDA_STARZ @TheTonyAwards @CBS @brooklyn_pride You are the the best mom,36
151,0.0,0.0,0.0,0.0,@CBS,2018-06-08 22:00:44,RT @Folk4QAFReunion: This @EW #qaf cast reunion is getting a lot of attention today @Showtime @netflix @hulu @AmazonStudios @cbs The fans t‚Ä¶,37
152,0.0,0.0,0.0,0.0,@CBS,2018-06-08 22:00:36,RT @SaraRamirez: This is about to be the most inclusively #Queer #Pride weekend yet. Between @PoseOnFX @VIDA_STARZ  @TheTonyAwards on @CBS‚Ä¶,38
153,-0.0258,0.144,0.144,0.138,@CBS,2018-06-08 22:00:34,@CBS and @Yahoo - this person says he works for you. Please fire him. https://t.co/xcvrH5fbna,39
154,0.0,0.0,0.0,0.0,@CBS,2018-06-08 22:00:25,RT @1776musket: @USA_Jedi @DNC @CNN @nbc @CBS @ABC @MSNBC @Microsoft @Apple @Expedia @TBS @FoxNews @Disney @Viacom @Virgin @MinnesotaDFL Es‚Ä¶,40
155,0.0,0.0,0.0,0.0,@CBS,2018-06-08 22:00:05,Thats why their viewership numbers are PLUNGING!!! (oh Advertisers take note!) @DNC @MSNBC @POTUS @ABC @CNN @NBC‚Ä¶ https://t.co/Gkk5Q8eeYB,41
156,0.0,0.0,0.0,0.0,@CBS,2018-06-08 22:00:00,"RT @theatrechat @BroadwayGlobal @TheatreChat #DestinedToDance reminder: TUNE IN TO @CBS for @TheTonyAwards June 10,‚Ä¶ https://t.co/nHnuKdFuVo",42
157,0.3453,0.117,0.117,0.205,@CBS,2018-06-08 21:59:50,RT @AnchorTrec: We still haven‚Äôt forgotten! @CBS @CBSTVStudios @ScorpionCBS PLEASE #SaveScorpion ü¶Ç‚ù§Ô∏è https://t.co/LQMIvlocvu,43
158,0.0,0.0,0.0,0.0,@CBS,2018-06-08 21:59:29,RT @akoria: I choose you!  #SaveLucifer #PickUpLucifer @LesleyAnnBrandt @tomellis17 @dbwofficial @Ildymojo @CBS @AmazonStudios @netflix @hu‚Ä¶,44
159,0.5051,0.0,0.0,0.135,@CBS,2018-06-08 21:59:19,RT @MtnMD: Why is the press not SCREAMING THIS FROM THE ROOFTOPS??? @CNN @NBC @CBS @ABC @NPR @USATODAY @PBS @REUTERS @AP https://t.co/EW4py‚Ä¶,45
160,0.4215,0.0,0.0,0.157,@CBS,2018-06-08 21:58:30,RT @JKCorden: Tonight‚Äôs @latelateshow might be one of my favorites of all time x @CBS 12.30 x #LateLateShawn,46
161,0.0,0.0,0.0,0.0,@CBS,2018-06-08 21:58:04,"RT @pjstevens0101: @DouglasHespelt @Grandje79727717 @killianfleury45 @chpspics @KayneSir @just_a_meow_mom @ScorpionWriters @CBS Um, sure.‚Ä¶",47
162,-0.2481,0.168,0.168,0.133,@CBS,2018-06-08 21:57:43,"So in other words a convicted drug user got killed in Mexico, wow that's news! @AP @CNN @MSNBC @DNC @ABC @CBS Stude‚Ä¶ https://t.co/MUFHBBo8gR",48
163,0.4019,0.0,0.0,0.13,@CBS,2018-06-08 21:57:42,"@Beantownump @MtnMD @CNN @nbc @CBS @ABC @NPR @USATODAY @PBS @Reuters @AP @WSJ @FoxNews @NatEnquirer Yes, he did. An‚Ä¶ https://t.co/2SmiLQOHh5",49
164,-0.5526,0.265,0.265,0.104,@CBS,2018-06-08 21:57:22,"RT @DanaScorpion: OMG üò±üò±üò± Higgins is NOT a girl !!!!!!!! #SaveScorpion and please, stop ridiculous remakes @CBS !!!",50
165,0.5719,0.0,0.0,0.252,@CBS,2018-06-08 21:57:05,"RT @catharinemcphe5: @pasbonca @messup7592 @CBS @CBSTVStudios @ScorpionCBS Excellent .j'adore ce #com
#SaveScorpion",51
166,0.0,0.0,0.0,0.0,@CBS,2018-06-08 21:56:55,RT @DouglasHespelt: @pjstevens0101 @Grandje79727717 @killianfleury45 @chpspics @KayneSir @just_a_meow_mom @ScorpionWriters @CBS That works‚Ä¶,52
167,0.0,0.0,0.0,0.0,@CBS,2018-06-08 21:56:41,RT @pjstevens0101: @pasbonca @DouglasHespelt @Grandje79727717 @killianfleury45 @chpspics @KayneSir @just_a_meow_mom @ScorpionWriters @CBS @‚Ä¶,53
168,0.34,0.0,0.0,0.103,@CBS,2018-06-08 21:56:20,"RT @MagnumPICBS: When decorated former Navy SEAL Thomas Magnum returns home to Hawaii, he embarks on a new mission: Solving cases in style‚Ä¶",54
169,0.4019,0.0,0.0,0.119,@CBS,2018-06-08 21:56:18,RT @Beantownump: @JenniferLBrewer @MtnMD @CNN @nbc @CBS @ABC @NPR @USATODAY @PBS @Reuters @AP @WSJ @FoxNews @NatEnquirer Yes they did. As d‚Ä¶,55
170,0.0,0.0,0.0,0.0,@CBS,2018-06-08 21:55:50,RT @DouglasHespelt: @pjstevens0101 @pasbonca @Grandje79727717 @killianfleury45 @chpspics @KayneSir @just_a_meow_mom @ScorpionWriters @CBS @‚Ä¶,56
171,0.7883,0.052,0.052,0.35,@CBS,2018-06-08 21:54:21,"I can't stop crying, I don't want this incredible show to end, it's so good, we deserve more seasons‚Ä¶ https://t.co/ODbTftAuuX",57
172,-0.4019,0.109,0.109,0.0,@CBS,2018-06-08 21:54:20,"RT @killianfleury45: Quand je vois tous les arguments que la #TeamScorpion a et que @CBS n'en a aucun, je dirai que la logique voudrait que‚Ä¶",58
173,0.3612,0.0,0.0,0.128,@CBS,2018-06-08 21:54:07,@Ginger_Lyn_66 @Warrior_Chiari @David_Leavitt @CBS @Yahoo Would you look at that another 1k. Looks like you might g‚Ä¶ https://t.co/dYVK8AXKfX,59
174,0.5051,0.0,0.0,0.135,@CBS,2018-06-08 21:54:00,RT @MtnMD: Why is the press not SCREAMING THIS FROM THE ROOFTOPS??? @CNN @NBC @CBS @ABC @NPR @USATODAY @PBS @REUTERS @AP https://t.co/EW4py‚Ä¶,60
175,0.4019,0.0,0.0,0.13,@CBS,2018-06-08 21:52:05,RT @NCIS_CBS: From one team of elite agents to another: #NCIS welcomes @FBICBS to Tuesday nights on @CBS. https://t.co/UU2f8g9MjE,61
176,0.4574,0.0,0.0,0.143,@CBS,2018-06-08 21:51:54,"RT @NCISNewOrleans: The crime-fighting party is just getting started when @FBICBS joins #NCISNOLA, Tuesdays this fall on @CBS! https://t.co‚Ä¶",62
177,0.75,0.0,0.0,0.273,@CBS,2018-06-08 22:10:45,"RT @HawaiiFive0CBS: This fall, the Aloha State is getting backup. #H50 is proud to welcome @MagnumPICBS to @CBS! https://t.co/K65pjGqzYh",63
178,0.3561,0.184,0.184,0.241,@CBS,2018-06-08 22:10:26,@CBS come on people!!! You clearly made a mistake. Renew Scorpion cause you clearly made a mistake. The world wants‚Ä¶ https://t.co/cq1pUZiT6A,64
179,0.0,0.0,0.0,0.0,@CBS,2018-06-08 22:10:25,@David_Leavitt @CBS @Yahoo @ExaminerOnline @axs,65
180,0.0,0.0,0.0,0.0,@CBS,2018-06-08 22:10:08,RT @akoria: I choose you!  #SaveLucifer #PickUpLucifer @LesleyAnnBrandt @tomellis17 @dbwofficial @Ildymojo @CBS @AmazonStudios @netflix @hu‚Ä¶,66
181,0.4019,0.0,0.0,0.351,@CBS,2018-06-08 22:09:54,@David_Leavitt @CBS do you support this?,67
182,0.0,0.0,0.0,0.0,@CBS,2018-06-08 22:09:47,@David_Leavitt @CBS @Yahoo @ExaminerOnline you employee this dude? Might wanna reconsider. #whattadbag,68
183,-0.6249,0.194,0.194,0.0,@CBS,2018-06-08 22:09:46,RT @WF001Scorpion: And another reason why @ScorpionCBS should NOT have been canceled. Worst decision ever. @CBS #howthemightywillfall #save‚Ä¶,69
184,0.8398,0.0,0.0,0.37,@CBS,2018-06-08 22:09:23,RT @GodFriendedMe: An outspoken atheist's life takes a surprising turn when he accepts a social media friend request from God! Watch what h‚Ä¶,70
185,0.4404,0.0,0.0,0.209,@CBS,2018-06-08 22:09:04,RT @pjstevens0101: @DouglasHespelt @Grandje79727717 @killianfleury45 @chpspics @KayneSir @just_a_meow_mom @ScorpionWriters @CBS Surely the‚Ä¶,71
186,0.0,0.0,0.0,0.0,@CBS,2018-06-08 22:08:56,RT @pattysartwork: @DouglasHespelt @Grandje79727717 @killianfleury45 @chpspics @KayneSir @just_a_meow_mom @ScorpionWriters @CBS @ScorpionCB‚Ä¶,72
187,0.0,0.0,0.0,0.0,@CBS,2018-06-08 22:08:37,RT @DouglasHespelt: @Grandje79727717 @pjstevens0101 @killianfleury45 @chpspics @KayneSir @just_a_meow_mom @ScorpionWriters @CBS I am feelin‚Ä¶,73
188,0.0,0.0,0.0,0.0,@CBS,2018-06-08 22:08:31,RT @pattysartwork: @DouglasHespelt @Grandje79727717 @killianfleury45 @chpspics @KayneSir @just_a_meow_mom @ScorpionWriters @CBS I would als‚Ä¶,74
189,0.0,0.0,0.0,0.0,@CBS,2018-06-08 22:08:11,RT @Grandje79727717: @DouglasHespelt @killianfleury45 @chpspics @KayneSir @just_a_meow_mom @ScorpionWriters @CBS I'm not saying they did it‚Ä¶,75
190,0.0,0.0,0.0,0.0,@CBS,2018-06-08 22:08:11,@David_Leavitt @CBS @CBSNews @Yahoo @YahooNews @ExaminerOnline,76
191,-0.516,0.217,0.217,0.0,@CBS,2018-06-08 22:07:50,RT @pjstevens0101: @DouglasHespelt @Grandje79727717 @killianfleury45 @chpspics @KayneSir @just_a_meow_mom @ScorpionWriters @CBS FIGHT TO SA‚Ä¶,77
192,0.0,0.0,0.0,0.0,@CBS,2018-06-08 22:07:50,RT @DouglasHespelt: @Grandje79727717 @killianfleury45 @chpspics @KayneSir @just_a_meow_mom @ScorpionWriters @CBS I feel the writers are not‚Ä¶,78
193,0.0,0.0,0.0,0.0,@CBS,2018-06-08 22:07:36,RT @pattysartwork: @DouglasHespelt @Grandje79727717 @killianfleury45 @chpspics @KayneSir @just_a_meow_mom @ScorpionWriters @CBS I would als‚Ä¶,79
194,0.8591,0.0,0.0,0.368,@CBS,2018-06-08 22:07:32,"God bless 
I hope someone can help me understand with all the technology &amp; the money put into research &amp; Space prog‚Ä¶ https://t.co/al7MDGQ75m",80
195,0.0,0.0,0.0,0.0,@CBS,2018-06-08 22:07:02,RT @pattysartwork: @DouglasHespelt @Grandje79727717 @killianfleury45 @chpspics @KayneSir @just_a_meow_mom @ScorpionWriters @CBS @ScorpionCB‚Ä¶,81
196,0.4215,0.0,0.0,0.157,@CBS,2018-06-08 22:06:14,RT @JKCorden: Tonight‚Äôs @latelateshow might be one of my favorites of all time x @CBS 12.30 x #LateLateShawn,82
197,0.0,0.0,0.0,0.0,@CBS,2018-06-08 22:05:10,@antinth @Warrior_Chiari @David_Leavitt @CBS @Yahoo  https://t.co/0UBzO0ub5p,83
198,0.7717,0.0,0.0,0.251,@CBS,2018-06-08 22:05:10,RT @TheBrave2018: I think we can all agree this was one of the best Jalton moments ever #TheBrave #RedeployTheBrave @nbc @hulu @netflix @us‚Ä¶,84
199,0.0,0.0,0.0,0.0,@CBS,2018-06-08 22:05:03,@TheBrave2018 @nbc @hulu @netflix @USA_Network @tntdrama @CMT @paramountnet @mccumberc @valboreland @ABCNetwork‚Ä¶ https://t.co/Ie7A6WdMmS,85
200,0.6597,0.0,0.0,0.286,@CBS,2018-06-08 22:04:45,RT @YoungSheldon: Living with a child genius or a pop superstar each has its challenges. Join #YoungSheldon in welcoming @happytogether to‚Ä¶,86
201,0.357,0.0,0.0,0.127,@CBS,2018-06-08 22:04:26,@Onlybatcat @Jim_Jordan @CNN @POTUS Really so @CNN @CBS never attacked @BarackObama which then leads to you thinkin‚Ä¶ https://t.co/gi8cwWASs2,87
202,0.6369,0.0,0.0,0.208,@CBS,2018-06-08 22:04:06,"@CBSBigBrother @happytogether @CBS WWE Script writers will love Paul, Omarosa, Frankie, Amanda, and Aaron a lot. He‚Ä¶ https://t.co/Zn9AG4Uhbl",88
203,0.2808,0.153,0.153,0.194,@CBS,2018-06-08 22:03:53,"RT @Pepamint83: Code Black Fans 

Let's show CBS they made a HUGE mistake by cancelling #CodeBlack and show them our fan number's. 

PLEASE‚Ä¶",89
204,0.8221,0.0,0.0,0.518,@CBS,2018-06-08 22:02:51,@MomCBS @happytogether @CBS Looks like it will be a good funny show!,90
205,0.5584,0.093,0.093,0.213,@CBS,2018-06-08 22:02:46,"RT @IWillRedPillU: It seems VERY strange many of these cases are HUGE news, even the Department of Justice reports on their website that a‚Ä¶",91
206,-0.1759,0.066,0.066,0.0,@CBS,2018-06-08 22:02:23,"RT @MomCBS: If you thought having your #Mom as your roommate was hard, try living with an international pop star! Meet Jake, Claire, and Co‚Ä¶",92
207,0.0,0.0,0.0,0.0,@CBS,2018-06-08 22:02:08,@MtnMD @CNN @nbc @CBS @ABC @NPR @USATODAY @PBS @Reuters @AP How big do the ‚Äúincrements‚Äù need to get?,93
208,-0.296,0.109,0.109,0.0,@CBS,2018-06-08 22:02:00,@TheTonyAwards @springsteen @CBS Hi I missed your concert in 2013 when you was in the uk through developing breast‚Ä¶ https://t.co/uXzq9YLKOt,94
209,0.7883,0.048,0.048,0.322,@CBS,2018-06-08 22:01:52,"RT @Mus4everAddict: I can't stop crying, I don't want this incredible show to end, it's so good, we deserve more seasons https://t.co/2uoV9‚Ä¶",95
210,0.75,0.0,0.0,0.273,@CBS,2018-06-08 22:01:42,"RT @HawaiiFive0CBS: This fall, the Aloha State is getting backup. #H50 is proud to welcome @MagnumPICBS to @CBS! https://t.co/K65pjGqzYh",96
211,0.1593,0.203,0.203,0.224,@CBS,2018-06-08 22:01:36,Oh well sellers of liquid death LMFAO ! @AP @MSNBC @NBC @CBS @CNN @POTUS @ESPn @NPR Focus: New tariffs risk turning‚Ä¶ https://t.co/b6asdOopI3,97
212,0.6369,0.0,0.0,0.276,@CBS,2018-06-08 22:00:56,@SaraRamirez @PoseOnFX @VIDA_STARZ @TheTonyAwards @CBS @brooklyn_pride You are the the best mom,98
213,0.0,0.0,0.0,0.0,@CBS,2018-06-08 22:00:44,RT @Folk4QAFReunion: This @EW #qaf cast reunion is getting a lot of attention today @Showtime @netflix @hulu @AmazonStudios @cbs The fans t‚Ä¶,99
214,0.0,0.0,0.0,0.0,@CBS,2018-06-08 22:00:36,RT @SaraRamirez: This is about to be the most inclusively #Queer #Pride weekend yet. Between @PoseOnFX @VIDA_STARZ  @TheTonyAwards on @CBS‚Ä¶,100
215,-0.0258,0.144,0.144,0.138,@CBS,2018-06-08 22:00:34,@CBS and @Yahoo - this person says he works for you. Please fire him. https://t.co/xcvrH5fbna,101
216,0.0,0.0,0.0,0.0,@CBS,2018-06-08 22:00:25,RT @1776musket: @USA_Jedi @DNC @CNN @nbc @CBS @ABC @MSNBC @Microsoft @Apple @Expedia @TBS @FoxNews @Disney @Viacom @Virgin @MinnesotaDFL Es‚Ä¶,102
217,0.0,0.0,0.0,0.0,@CBS,2018-06-08 22:00:05,Thats why their viewership numbers are PLUNGING!!! (oh Advertisers take note!) @DNC @MSNBC @POTUS @ABC @CNN @NBC‚Ä¶ https://t.co/Gkk5Q8eeYB,103
218,0.0,0.0,0.0,0.0,@CBS,2018-06-08 22:00:00,"RT @theatrechat @BroadwayGlobal @TheatreChat #DestinedToDance reminder: TUNE IN TO @CBS for @TheTonyAwards June 10,‚Ä¶ https://t.co/nHnuKdFuVo",104
219,0.3453,0.117,0.117,0.205,@CBS,2018-06-08 21:59:50,RT @AnchorTrec: We still haven‚Äôt forgotten! @CBS @CBSTVStudios @ScorpionCBS PLEASE #SaveScorpion ü¶Ç‚ù§Ô∏è https://t.co/LQMIvlocvu,105
220,0.0,0.0,0.0,0.0,@CBS,2018-06-08 21:59:29,RT @akoria: I choose you!  #SaveLucifer #PickUpLucifer @LesleyAnnBrandt @tomellis17 @dbwofficial @Ildymojo @CBS @AmazonStudios @netflix @hu‚Ä¶,106
221,0.5051,0.0,0.0,0.135,@CBS,2018-06-08 21:59:19,RT @MtnMD: Why is the press not SCREAMING THIS FROM THE ROOFTOPS??? @CNN @NBC @CBS @ABC @NPR @USATODAY @PBS @REUTERS @AP https://t.co/EW4py‚Ä¶,107
222,0.4215,0.0,0.0,0.157,@CBS,2018-06-08 21:58:30,RT @JKCorden: Tonight‚Äôs @latelateshow might be one of my favorites of all time x @CBS 12.30 x #LateLateShawn,108
223,0.0,0.0,0.0,0.0,@CBS,2018-06-08 21:58:04,"RT @pjstevens0101: @DouglasHespelt @Grandje79727717 @killianfleury45 @chpspics @KayneSir @just_a_meow_mom @ScorpionWriters @CBS Um, sure.‚Ä¶",109
224,-0.2481,0.168,0.168,0.133,@CBS,2018-06-08 21:57:43,"So in other words a convicted drug user got killed in Mexico, wow that's news! @AP @CNN @MSNBC @DNC @ABC @CBS Stude‚Ä¶ https://t.co/MUFHBBo8gR",110
225,0.4019,0.0,0.0,0.13,@CBS,2018-06-08 21:57:42,"@Beantownump @MtnMD @CNN @nbc @CBS @ABC @NPR @USATODAY @PBS @Reuters @AP @WSJ @FoxNews @NatEnquirer Yes, he did. An‚Ä¶ https://t.co/2SmiLQOHh5",111
226,-0.5526,0.265,0.265,0.104,@CBS,2018-06-08 21:57:22,"RT @DanaScorpion: OMG üò±üò±üò± Higgins is NOT a girl !!!!!!!! #SaveScorpion and please, stop ridiculous remakes @CBS !!!",112
227,0.5719,0.0,0.0,0.252,@CBS,2018-06-08 21:57:05,"RT @catharinemcphe5: @pasbonca @messup7592 @CBS @CBSTVStudios @ScorpionCBS Excellent .j'adore ce #com
#SaveScorpion",113
228,0.0,0.0,0.0,0.0,@CBS,2018-06-08 21:56:55,RT @DouglasHespelt: @pjstevens0101 @Grandje79727717 @killianfleury45 @chpspics @KayneSir @just_a_meow_mom @ScorpionWriters @CBS That works‚Ä¶,114
229,0.0,0.0,0.0,0.0,@CBS,2018-06-08 21:56:41,RT @pjstevens0101: @pasbonca @DouglasHespelt @Grandje79727717 @killianfleury45 @chpspics @KayneSir @just_a_meow_mom @ScorpionWriters @CBS @‚Ä¶,115
230,0.34,0.0,0.0,0.103,@CBS,2018-06-08 21:56:20,"RT @MagnumPICBS: When decorated former Navy SEAL Thomas Magnum returns home to Hawaii, he embarks on a new mission: Solving cases in style‚Ä¶",116
231,0.4019,0.0,0.0,0.119,@CBS,2018-06-08 21:56:18,RT @Beantownump: @JenniferLBrewer @MtnMD @CNN @nbc @CBS @ABC @NPR @USATODAY @PBS @Reuters @AP @WSJ @FoxNews @NatEnquirer Yes they did. As d‚Ä¶,117
232,0.0,0.0,0.0,0.0,@CBS,2018-06-08 21:55:50,RT @DouglasHespelt: @pjstevens0101 @pasbonca @Grandje79727717 @killianfleury45 @chpspics @KayneSir @just_a_meow_mom @ScorpionWriters @CBS @‚Ä¶,118
233,0.0,0.0,0.0,0.0,@CNN,2018-06-08 22:10:56,"RT @CNN: Anthony Bourdain, the gifted chef, storyteller and writer who took TV viewers around the world to explore culture, cuisine and the‚Ä¶",1
234,0.6908,0.081,0.081,0.263,@CNN,2018-06-08 22:10:55,RT @Sifill_LDF: .@NAACP_LDF successfully represented Mr. Ali in the Supreme Court and his conviction was reversed and all charges dismissed‚Ä¶,2
235,-0.6458,0.43,0.43,0.0,@CNN,2018-06-08 22:10:55,@Robertperea75 @margierbennett @LeonardGlover41 @rendog1977 @CNN Sorry Robert wrong again!!!,3
236,0.0,0.0,0.0,0.0,@CNN,2018-06-08 22:10:55,RT @CNN: This surveillance camera footage from last weekend shows a tiny asteroid that NASA says disintegrated over southern Africa https:/‚Ä¶,4
237,0.0,0.0,0.0,0.0,@CNN,2018-06-08 22:10:53,RT @CNN: This surveillance camera footage from last weekend shows a tiny asteroid that NASA says disintegrated over southern Africa https:/‚Ä¶,5
238,-0.4215,0.109,0.109,0.0,@CNN,2018-06-08 22:10:53,RT @CourtneyLDoll: Many heavy hearts in the @CNN newsroom this morning as we mourn our colleague Anthony Bourdain. If you or anyone you kno‚Ä¶,6
239,0.4215,0.0,0.0,0.109,@CNN,2018-06-08 22:10:51,"RT @CNN: President Trump says the Coast Guard rescued people who ""went out in their boats to watch"" Hurricane Harvey. Local officials -- in‚Ä¶",7
240,0.5334,0.0,0.0,0.288,@CNN,2018-06-08 22:10:51,@CNNSitRoom @CNN Trump is Russia representative and not hiding  it. Shame on POTUS,8
241,0.0,0.0,0.0,0.0,@CNN,2018-06-08 22:10:49,RT @fatmazel0: @FilizDAvc1 @Suleaslaner1 @KanalD @CNN SesVerGelirUzmanlarina,9
242,0.0,0.0,0.0,0.0,@CNN,2018-06-08 22:10:49,RT @CNN: This surveillance camera footage from last weekend shows a tiny asteroid that NASA says disintegrated over southern Africa https:/‚Ä¶,10
243,0.0,0.0,0.0,0.0,@CNN,2018-06-08 22:10:49,RT @CNN: Anthony Bourdain's life in pictures https://t.co/is5mJldryI https://t.co/01UrJiYyIr,11
244,0.6908,0.081,0.081,0.263,@CNN,2018-06-08 22:10:48,RT @Sifill_LDF: .@NAACP_LDF successfully represented Mr. Ali in the Supreme Court and his conviction was reversed and all charges dismissed‚Ä¶,12
245,0.0,0.0,0.0,0.0,@CNN,2018-06-08 22:10:47,@morrow7021 @CNN Don‚Äôt need one I‚Äôve got the ‚ÄúTRUMPANATOR‚Äù,13
246,0.0,0.0,0.0,0.0,@CNN,2018-06-08 22:10:47,@cherelle504 @Muley953 @CNN @CillizzaCNN That‚Äôs why you kneel,14
247,0.0,0.0,0.0,0.0,@CNN,2018-06-08 22:10:45,RT @FilizDAvc1: Adalet diyorsanƒ±z GelirUzmanlarininSesiniDuy @KanalD @CNN,15
248,0.34,0.0,0.0,0.094,@CNN,2018-06-08 22:10:44,RT @CNN: Former President Obama says he‚Äôll always remember the meal he shared with Anthony Bourdain in Vietnam: ‚ÄúHe taught us about food ‚Äî‚Ä¶,16
249,-0.3612,0.238,0.238,0.0,@CNN,2018-06-08 22:10:43,@CNN I would ignore him. His ego can‚Äôt handle that.,17
250,0.0,0.0,0.0,0.0,@CNN,2018-06-08 22:10:43,RT @Jim_Jordan: Here's something that @CNN won't tell you: @POTUS has had a tremendous first year and a half in office.,18
251,0.0,0.0,0.0,0.0,@CNN,2018-06-08 22:10:43,"RT @CNN: Anthony Bourdain, the gifted chef, storyteller and writer who took TV viewers around the world to explore culture, cuisine and the‚Ä¶",19
252,0.0,0.0,0.0,0.0,@CNN,2018-06-08 22:10:42,RT @CNN: Anthony Bourdain's life in pictures https://t.co/is5mJldryI https://t.co/01UrJiYyIr,20
253,-0.8271,0.304,0.304,0.073,@CNN,2018-06-08 22:10:42,"RT @CNN: BREAKING: Anthony Bourdain of CNN‚Äôs ‚ÄúParts Unknown‚Äù is dead. The chef, storyteller and Emmy-winning host has committed suicide at‚Ä¶",21
254,0.7508,0.0,0.0,0.262,@CNN,2018-06-08 22:10:40,"@Skipador @willmpk1 @CNN Never says dumb things? Covfefe, Nambia, and grab them by the pu**y. Perfect re model for‚Ä¶ https://t.co/14OelQ4ugB",22
255,0.0,0.0,0.0,0.0,@CNN,2018-06-08 22:10:39,"@jaketapper @MichLKosinski @PaulBegala @DavidJUrban @TheLeadCNN @CNN puts the ""T"" in tabloid.",23
256,0.0,0.0,0.0,0.0,@CNN,2018-06-08 22:10:38,RT @CNN: This surveillance camera footage from last weekend shows a tiny asteroid that NASA says disintegrated over southern Africa https:/‚Ä¶,24
257,0.7378,0.137,0.137,0.332,@CNN,2018-06-08 22:10:37,RT @President1Trump: AMAZING @CNN Does a positive piece of news on @POTUS: 11-year-old cancer survivor Katy was with @POTUS when he signed‚Ä¶,25
258,0.0,0.0,0.0,0.0,@CNN,2018-06-08 22:10:37,RT @xdelmar59: @Neets101 @torrentprime @LiberalDemIda @studiohq @CKeefeShea @smileyt22 @sss3fnm @MarenHofstad @ClarenceMack3 @lizlogan76 @d‚Ä¶,26
259,-0.3182,0.202,0.202,0.141,@CNN,2018-06-08 22:10:36,"CNN's Anthony Bourdain dead at 61 @CNN https://t.co/mrPYGzFPB8 
#RestInPower sweet Anthony, you showed ""isolated"" p‚Ä¶ https://t.co/38QY3mUfsf",27
260,0.0258,0.0,0.0,0.048,@CNN,2018-06-08 22:10:35,RT @CNN: Organic matter has been found on Mars in soil samples the Curiosity rover took from 3 billion-year-old mudstone in the Gale crater‚Ä¶,28
261,0.0,0.0,0.0,0.0,@CNN,2018-06-08 22:10:34,@tonyposnanski .@CNN Same plea from me!,29
262,0.0,0.0,0.0,0.0,@CNN,2018-06-08 22:10:34,"RT @CNN: Anthony Bourdain, the gifted chef, storyteller and writer who took TV viewers around the world to explore culture, cuisine and the‚Ä¶",30
263,0.6908,0.081,0.081,0.263,@CNN,2018-06-08 22:10:31,RT @Sifill_LDF: .@NAACP_LDF successfully represented Mr. Ali in the Supreme Court and his conviction was reversed and all charges dismissed‚Ä¶,31
264,0.6239,0.0,0.0,0.804,@CNN,2018-06-08 22:10:30,@CNN Wow!,32
265,-0.25,0.08,0.08,0.0,@CNN,2018-06-08 22:10:30,"RT @CNN: A majority of Americans, by a 58% to 35% margin, believe NFL players who kneel during the National Anthem in protest are ""not unpa‚Ä¶",33
266,-0.5719,0.163,0.163,0.0,@CNN,2018-06-08 22:10:30,RT @MillennialCon_: Trump calls the #FakeNews media's bluff and invites @NFL players to speak about racial injustice and considers possible‚Ä¶,34
267,0.8415,0.0,0.0,0.349,@CNN,2018-06-08 22:10:28,"@realDonaldTrump @HHSGov @SenateDems @GOP @HouseDemocrats @NATO Trump, where is BE BEST? Where is respect for life‚Ä¶ https://t.co/JmrRLh1nLV",35
268,-0.8271,0.304,0.304,0.073,@CNN,2018-06-08 22:10:25,"RT @CNN: BREAKING: Anthony Bourdain of CNN‚Äôs ‚ÄúParts Unknown‚Äù is dead. The chef, storyteller and Emmy-winning host has committed suicide at‚Ä¶",36
269,-0.6597,0.231,0.231,0.0,@CNN,2018-06-08 22:10:25,RT @CNN: Chinese government hackers have stolen large swaths of highly sensitive data on undersea warfare from a Navy contractor's computer‚Ä¶,37
270,-0.296,0.191,0.191,0.105,@CNN,2018-06-08 22:10:25,"RT @CNN: Krill are critical to the fight against climate change: These tiny creatures help capture carbon dioxide, offsetting the emissions‚Ä¶",38
271,0.0,0.0,0.0,0.0,@CNN,2018-06-08 22:10:24,RT @CNN: This surveillance camera footage from last weekend shows a tiny asteroid that NASA says disintegrated over southern Africa https:/‚Ä¶,39
272,-0.6705,0.138,0.138,0.0,@CNN,2018-06-08 22:10:24,"RT @Naijadailyfeed: If you see SARS run for your life, this guy was just Killed by SARS in Ojota. He was accosted by SARS as soon as he dro‚Ä¶",40
273,0.6908,0.081,0.081,0.263,@CNN,2018-06-08 22:10:23,RT @Sifill_LDF: .@NAACP_LDF successfully represented Mr. Ali in the Supreme Court and his conviction was reversed and all charges dismissed‚Ä¶,41
274,0.0,0.0,0.0,0.0,@CNN,2018-06-08 22:10:23,RT @DANIALworldwide: People are dying in the streets of IRAN but #rezadiba (the former crown prince) traveling to bahamas and taking pictur‚Ä¶,42
275,0.428,0.069,0.069,0.135,@CNN,2018-06-08 22:10:20,"@CNN 1/2
‚Ä¢IF this isn‚Äôt just blather then get to it! It involves people in jail, beaten but not jailed, and the fam‚Ä¶ https://t.co/Xcu8KIdM5q",43
276,-0.8271,0.304,0.304,0.073,@CNN,2018-06-08 22:10:20,"RT @CNN: BREAKING: Anthony Bourdain of CNN‚Äôs ‚ÄúParts Unknown‚Äù is dead. The chef, storyteller and Emmy-winning host has committed suicide at‚Ä¶",44
277,0.0,0.0,0.0,0.0,@CNN,2018-06-08 22:10:19,RT @CNN: Anthony Bourdain's life in pictures https://t.co/is5mJldryI https://t.co/01UrJiYyIr,45
278,0.3612,0.0,0.0,0.135,@CNN,2018-06-08 22:10:16,RT @CNN: 3D-printed concrete houses are coming to the Netherlands. Here's what they look like. https://t.co/uWmF4SVZCg https://t.co/GqaIuT0‚Ä¶,46
279,-0.6597,0.231,0.231,0.0,@CNN,2018-06-08 22:10:16,RT @CNN: Chinese government hackers have stolen large swaths of highly sensitive data on undersea warfare from a Navy contractor's computer‚Ä¶,47
280,0.0,0.0,0.0,0.0,@CNN,2018-06-08 22:10:15,@ikerepublican @ClarenceMack3 @JaysonPaulSmith @torrentprime @CKeefeShea @RbrRobyn @LiberalDemIda @MarenHofstad‚Ä¶ https://t.co/H3XOJg2skB,48
281,0.0,0.0,0.0,0.0,@CNN,2018-06-08 22:10:14,"@CNN Donny says I can Prardon Myself, so go ahead and King Me.",49
282,0.783,0.0,0.0,0.301,@CNN,2018-06-08 22:10:13,@BamaStephen @KakiMiller1 @CNN @TheJusticeDept Read my latest post regarding Mueller probe spending. I have the perfect solution for it!!!,50
283,0.0,0.0,0.0,0.0,@CNN,2018-06-08 22:10:11,RT @CNN: President Trump is dressed as a king on the new Time magazine cover https://t.co/NxcNy1BWy4 https://t.co/Q2XrjRE4ip,51
284,-0.8834,0.364,0.364,0.0,@CNN,2018-06-08 22:10:11,"RT @RVAwonk: Per @CNN, one U.S. service member has been killed and four others injured in an ambush-style attack in Somalia.",52
285,-0.5267,0.152,0.152,0.0,@CNN,2018-06-08 22:10:11,"RT @PaulaChertok: @CNN ""Russia is more than corrupt. It's a criminal enterprise,"" Boris Nemtsov told Anthony Bourdain in 2014, shortly befo‚Ä¶",53
286,0.1779,0.0,0.0,0.124,@CNN,2018-06-08 22:10:11,Vatican open to role for women and married men in Amazon @CNN https://t.co/kezxwuLGsg,54
287,0.4215,0.0,0.0,0.149,@CNN,2018-06-08 22:10:10,"@galapahoes @CNN Athletes ALL millionaires that ALL scholarships, opportunity IN America. NOWHERE on earth any blac‚Ä¶ https://t.co/FOKeHU4pux",55
288,0.0,0.0,0.0,0.0,@CNN,2018-06-08 22:10:08,@BarBank21 @CNN We all are,56
289,0.1967,0.0,0.0,0.069,@CNN,2018-06-08 22:10:07,RT @jackiebarbosa: I don't know how I am going to watch the rest of this season of Parts Unknown without crying my eyes out. But @CNN bette‚Ä¶,57
290,0.3832,0.0,0.0,0.303,@CNN,2018-06-08 22:10:07,@CNN Being trump‚Äôs lawyer is less respectable.,58
291,0.0,0.0,0.0,0.0,@CNN,2018-06-08 22:10:07,RT @RVAwonk: NEW: @CNN reports that @RepAdamSchiff just asked Devin Nunes to send all transcripts from witnesses who testified before the H‚Ä¶,59
292,-0.5106,0.181,0.181,0.061,@CNN,2018-06-08 22:10:07,RT @Jim_Jordan: @CNN @POTUS Taxes have been cut. The economy is growing. Unemployment is down to 3.8%. Gorsuch is on #SCOTUS. ISIS is retre‚Ä¶,60
293,-0.128,0.064,0.064,0.0,@CNN,2018-06-08 22:10:06,"RT @wellerstein: You can watch @ArmsControlWonk, @SiegfriedHecker, and maybe me (I don't know what ended up on the cutting room floor) on @‚Ä¶",61
294,0.0,0.0,0.0,0.0,@CNN,2018-06-08 22:10:05,@Robertperea75 @CNN Robert I bet you dont even stand when it comes on at home,62
295,0.6808,0.0,0.0,0.444,@CNN,2018-06-08 22:10:05,@CNN please make @PartsUnknownCNN free for a few days üôèüôèüôè,63
296,-0.5859,0.231,0.231,0.0,@CNN,2018-06-08 22:10:04,"RT @PaulaChertok: .@RepKinzinger rightly explained the unprecedented aggression and hostile acts perpetrated by Putin‚Äôs Russia, incl UK ass‚Ä¶",64
297,-0.6597,0.231,0.231,0.0,@CNN,2018-06-08 22:10:04,RT @CNN: Chinese government hackers have stolen large swaths of highly sensitive data on undersea warfare from a Navy contractor's computer‚Ä¶,65
298,0.0,0.0,0.0,0.0,@CNN,2018-06-08 22:10:04,"RT @larryelder: ""The average combined prime time viewership for @FoxNews, @CNN &amp; @MSNBC is about 6 million. It means the other 320 million‚Ä¶",66
299,0.4101,0.116,0.116,0.213,@CNN,2018-06-08 22:10:04,"RT @CNN: BREAKING: Alice Marie Johnson has just been released from prison after Trump commuted her sentence. ""I'm just so thankful. I feel‚Ä¶",67
300,0.0,0.0,0.0,0.0,@CNN,2018-06-08 22:10:03,"RT @cruise_peter: Mister Rogers, television's polite radical @CNN https://t.co/DTGHZL4teq",68
301,-0.3182,0.204,0.204,0.0,@CNN,2018-06-08 22:10:03,@Hom97259145 @CNN @CNNOpinion You left wingers have lost your minds.,69
302,0.63,0.0,0.0,0.372,@CNN,2018-06-08 22:10:03,@AngelicPrado @TomthunkitsMind @CNN Can't see a date. But thanks!,70
303,-0.25,0.08,0.08,0.0,@CNN,2018-06-08 22:10:03,"RT @CNN: A majority of Americans, by a 58% to 35% margin, believe NFL players who kneel during the National Anthem in protest are ""not unpa‚Ä¶",71
304,0.0,0.0,0.0,0.0,@CNN,2018-06-08 22:10:00,RT @adbeitman: Scott Pruitt is finally getting the world-wide recognition he deserves - via @CNN https://t.co/VfchYAKsJJ,72
305,0.7378,0.137,0.137,0.332,@CNN,2018-06-08 22:10:00,RT @President1Trump: AMAZING @CNN Does a positive piece of news on @POTUS: 11-year-old cancer survivor Katy was with @POTUS when he signed‚Ä¶,73
306,0.0,0.0,0.0,0.0,@CNN,2018-06-08 22:10:00,"RT @CNN: The US has withdrawn two more people from the US embassy in Havana, Cuba, due to health concerns, according to a senior State Depa‚Ä¶",74
307,0.0,0.0,0.0,0.0,@CNN,2018-06-08 22:09:56,"RT @OzsesOsman: #EmeklilikteYa≈üaTakƒ±lanlar da bu vatanin evlatlari, neden g√∂rm√ºyorsunuz? Ne dediniz de yapmadƒ±k, Ne isterdiniz de vermedik.‚Ä¶",75
308,0.8225,0.0,0.0,0.297,@CNN,2018-06-08 22:09:55,RT @RealBillRussell: The best thing that happened to @Eagles since winning the #superbowl is @realDonaldTrump uninviting them to the #White‚Ä¶,76
309,0.6908,0.081,0.081,0.263,@CNN,2018-06-08 22:09:55,RT @Sifill_LDF: .@NAACP_LDF successfully represented Mr. Ali in the Supreme Court and his conviction was reversed and all charges dismissed‚Ä¶,77
310,0.0,0.0,0.0,0.0,@CNN,2018-06-08 22:09:54,RT @ClarenceMack3: @JaysonPaulSmith @CKeefeShea @RbrRobyn @LiberalDemIda @MarenHofstad @smileyt22 @suspectfreed @dthomicide @PWM62 @suekhi‚Ä¶,78
311,-0.6996,0.537,0.537,0.0,@CNN,2018-06-08 22:09:53,@CNN Investigate? Just fire the incompetent crook!,79
312,0.6124,0.0,0.0,0.217,@CNN,2018-06-08 22:09:53,@CNN Wish he wouldve talked about it. You never know what someones going through. I pray for him and his family.,80
313,0.25,0.273,0.273,0.355,@CNN,2018-06-08 22:09:52,I feel like I've lost a good friend. CNN's Anthony Bourdain dead at 61 @CNN https://t.co/HFDIEcrNl1,81
314,0.0,0.0,0.0,0.0,@CNN,2018-06-08 22:09:52,@torrentprime @ikerepublican @n_the_mountains @smileyt22 @PWM62 @suekhi @MaggieDog01 @sss3fnm @dthomicide‚Ä¶ https://t.co/mRL3WwtzbV,82
315,-0.0772,0.058,0.058,0.0,@CNN,2018-06-08 22:09:51,RT @Smart3Stacy: #MSM @CNN @MSNBC üëôüëôNo swimsuits for Miss America because it‚Äôs demeaning but women doing porn for a living is empowering. S‚Ä¶,83
316,0.0,0.0,0.0,0.0,@CNN,2018-06-08 22:09:50,@SpiritofTruthUm @BoldraConstance @GHurricane @CNN White people TODAY (key word) will NEVER experience the injustic‚Ä¶ https://t.co/dsEEGzBEdo,84
317,0.0,0.0,0.0,0.0,@CNN,2018-06-08 22:09:50,RT @CNN: Anthony Bourdain's life in pictures https://t.co/is5mJldryI https://t.co/01UrJiYyIr,85
318,0.0,0.0,0.0,0.0,@CNN,2018-06-08 22:09:49,@CNN Windowless planes are the past of aviation...  https://t.co/oF57MOmElZ,86
319,-0.34,0.194,0.194,0.0,@CNN,2018-06-08 22:09:49,@CNN anchor feuds w/ @FoxNews Contributor and @foxandfriends firebrand @BuckSexton https://t.co/7HPuRQQCrI,87
320,0.3818,0.116,0.116,0.213,@CNN,2018-06-08 22:09:47,RT @CNN: Amal Clooney's heartfelt speech moved George Clooney to tears https://t.co/AZUEjV961z https://t.co/a2qGIZfOFq,88
321,0.0,0.0,0.0,0.0,@CNN,2018-06-08 22:09:47,Remembering Anthony Bourdain @CNN https://t.co/kfnoPsMGqP,89
322,0.0,0.0,0.0,0.0,@CNN,2018-06-08 22:09:46,@CNN @MSNBC @CBSNews @ABC https://t.co/jsXT6YHas7,90
323,0.0,0.0,0.0,0.0,@CNN,2018-06-08 22:09:46,@cherelle504 @Muley953 @CNN @CillizzaCNN KEEP KNEELING!!!,91
324,0.0,0.0,0.0,0.0,@CNN,2018-06-08 22:09:44,@carney @BreitbartNews @MSNBC @CNN @ABC @NBCNews @CBSNews @kylegriffin1  @PoliticusSarah @NancyPelosi @chuckschumer‚Ä¶ https://t.co/mdM5SPCnLY,92
325,0.3875,0.0,0.0,0.122,@CNN,2018-06-08 22:09:44,@ShehabKamal73 @ananavarro @CNN I really don't think its fear I think he has been in since the beginning .. the GOP‚Ä¶ https://t.co/yXhu13tax2,93
326,-0.2732,0.091,0.091,0.0,@CNN,2018-06-08 22:09:44,RT @CNN: Now is not the time to cut off AIDS funding | By Joe Biden and Bill Frist via @CNNOpinion https://t.co/mCxxZWiivR https://t.co/D3t‚Ä¶,94
327,0.4215,0.0,0.0,0.109,@CNN,2018-06-08 22:09:43,"RT @CNN: President Trump says the Coast Guard rescued people who ""went out in their boats to watch"" Hurricane Harvey. Local officials -- in‚Ä¶",95
328,-0.5255,0.531,0.531,0.0,@CNN,2018-06-08 22:09:41,@CNN Fake News! üôÑüòí,96
329,0.0,0.0,0.0,0.0,@CNN,2018-06-08 22:09:40,RT @ikerepublican: @smileyt22 @mastifmom @WirelessPuppet @sss3fnm @MarenHofstad @torrentprime @SailingCarol @PWM62 @LiberalDemIda @studiohq‚Ä¶,97
330,0.0,0.0,0.0,0.0,@CNN,2018-06-08 22:09:40,RT @CNN: Are windowless planes the future of travel? https://t.co/fxFOb8RjZ1 https://t.co/MQkm7jtR4j,98
331,-0.4215,0.262,0.262,0.157,@CNN,2018-06-08 22:09:39,How to get help for someone who might be suicidal @CNN https://t.co/a5rlNUXMSC,99
332,-0.5563,0.189,0.189,0.074,@CNN,2018-06-08 22:09:39,@tj_lsudad @CNN The Russian probe could do harm to him . It was a very risk move and it cost him money and his business took a huge hit.,100
333,0.0,0.0,0.0,0.0,@FoxNews,2018-06-08 22:10:58,@FoxNews @MittRomney @realDonaldTrump Mittens called him a Con Man. Hmmmmmm,1
334,0.0,0.0,0.0,0.0,@FoxNews,2018-06-08 22:10:57,"RT @FoxNews: OPINION: The G7 should listen to Trump or go away.
https://t.co/XNrBhmRyPQ",2
335,0.6705,0.0,0.0,0.234,@FoxNews,2018-06-08 22:10:56,"@BretBaier @FoxNews @realDonaldTrump 
So now the nyt is claiming that leaking is vital to a free press? It is amazi‚Ä¶ https://t.co/tqAzdoLaaa",3
336,0.5859,0.0,0.0,0.275,@FoxNews,2018-06-08 22:10:56,RT @FoxNews: .@MittRomney predicts a @realDonaldTrump win in 2020. #SpecialReport https://t.co/FtXsikIvlB https://t.co/cBlIaz2sMS,4
337,0.0,0.0,0.0,0.0,@FoxNews,2018-06-08 22:10:55,@FoxNews  https://t.co/IlXeKkclWp,5
338,0.25,0.119,0.119,0.185,@FoxNews,2018-06-08 22:10:55,RT @righterthaneve1: @FoxNews @POTUS shit. the guy's going to be at 100% approval rate if he goes on like this. he is out-maneouvering Dems‚Ä¶,6
339,0.0,0.0,0.0,0.0,@FoxNews,2018-06-08 22:10:54,"RT @FoxNews: OPINION: The G7 should listen to Trump or go away.
https://t.co/XNrBhmRyPQ",7
340,0.0,0.0,0.0,0.0,@FoxNews,2018-06-08 22:10:54,RT @RealOmarNavarro: I‚Äôm officially the candidate going against Maxine Waters in the November 6th election. It‚Äôs time for @FoxNews to give‚Ä¶,8
341,0.0,0.0,0.0,0.0,@FoxNews,2018-06-08 22:10:54,@FoxNews üëåüèºüëåüèº‚ÄºÔ∏è,9
342,0.0,0.0,0.0,0.0,@FoxNews,2018-06-08 22:10:54,@FoxNews @MittRomney @realDonaldTrump https://t.co/KiyHj66D6N,10
343,-0.34,0.085,0.085,0.0,@FoxNews,2018-06-08 22:10:53,"RT @chuckl567: @FoxNews He didn‚Äôt leak anything, the jobs report was due to come out that day. All he said was I‚Äôm looking forward to the r‚Ä¶",11
344,0.0,0.0,0.0,0.0,@FoxNews,2018-06-08 22:10:53,RT @DesignationSix: Here are some @FoxNews  and @seanhannity advertisers. Since I have them tagged here they will each get notified every t‚Ä¶,12
345,0.4767,0.0,0.0,0.24,@FoxNews,2018-06-08 22:10:53,"RT @FoxNews: .@POTUS signals willingness to back bill easing pot regulation, according to a report. https://t.co/NVuoXc7vk5",13
346,0.0,0.0,0.0,0.0,@FoxNews,2018-06-08 22:10:52,@Hodgie1210 @NaomisDaughter @Scotzgrad @FoxNews @POTUS They did invent the 'deep state'... so ya.,14
347,0.0,0.0,0.0,0.0,@FoxNews,2018-06-08 22:10:52,@FoxNews @POTUS https://t.co/7QwtaeajWk,15
348,0.0,0.0,0.0,0.0,@FoxNews,2018-06-08 22:10:52,RT @FoxNews: New Jersey Trooper pulls over driver who helped deliver him 27 years ago https://t.co/zvRUBuCBNU,16
349,0.0,0.0,0.0,0.0,@FoxNews,2018-06-08 22:10:52,RT @FoxNews: New Jersey Trooper pulls over driver who helped deliver him 27 years ago https://t.co/zvRUBuCBNU,17
350,0.0,0.0,0.0,0.0,@FoxNews,2018-06-08 22:10:52,RT @FoxNews: New Jersey Trooper pulls over driver who helped deliver him 27 years ago https://t.co/zvRUBuCBNU,18
351,0.0,0.0,0.0,0.0,@FoxNews,2018-06-08 22:10:52,@FoxNews @MittRomney @realDonaldTrump mitt wants another dinner with Don,19
352,0.0,0.0,0.0,0.0,@FoxNews,2018-06-08 22:10:51,@FoxNews üò°üò¢,20
353,0.0,0.0,0.0,0.0,@FoxNews,2018-06-08 22:10:51,RT @bakerlarry84: @ZekeRocha @FoxNews BINGO üëÜ,21
354,0.5859,0.0,0.0,0.275,@FoxNews,2018-06-08 22:10:50,RT @FoxNews: .@MittRomney predicts a @realDonaldTrump win in 2020. #SpecialReport https://t.co/FtXsikIvlB https://t.co/cBlIaz2sMS,22
355,0.0,0.0,0.0,0.0,@FoxNews,2018-06-08 22:10:50,RT @DesignationSix: Here are some @FoxNews  and @seanhannity advertisers. Since I have them tagged here they will each get notified every t‚Ä¶,23
356,0.765,0.105,0.105,0.371,@FoxNews,2018-06-08 22:10:50,@FoxNews Democrats endorse everything that is immoral and against American values it would be better known as the Demonic party.,24
357,0.0,0.0,0.0,0.0,@FoxNews,2018-06-08 22:10:50,@FoxNews Trump should go away.,25
358,0.4019,0.0,0.0,0.101,@FoxNews,2018-06-08 22:10:50,"RT @FoxNews: .@replouiegohmert: ""As long as we have a Special Counsel who will not even confess as to his limits, then this is going to con‚Ä¶",26
359,-0.6705,0.22,0.22,0.0,@FoxNews,2018-06-08 22:10:50,RT @FoxNews: Virginia wildlife center takes in 2 black bear cubs after mother is killed by homeowner. https://t.co/9wmeUXI4f6,27
360,0.5859,0.0,0.0,0.275,@FoxNews,2018-06-08 22:10:49,RT @FoxNews: .@MittRomney predicts a @realDonaldTrump win in 2020. #SpecialReport https://t.co/FtXsikIvlB https://t.co/cBlIaz2sMS,28
361,0.0,0.0,0.0,0.0,@FoxNews,2018-06-08 22:10:49,RT @RealOmarNavarro: I‚Äôm officially the candidate going against Maxine Waters in the November 6th election. It‚Äôs time for @FoxNews to give‚Ä¶,29
362,-0.5256,0.152,0.152,0.0,@FoxNews,2018-06-08 22:10:49,@FoxNews @dailybriefing @BretBaier This is extremely sad news. Charles was one of the people I could not wait to he‚Ä¶ https://t.co/eIdcwtHAXe,30
363,-0.7269,0.234,0.234,0.0,@FoxNews,2018-06-08 22:10:47,"RT @OliverMcGee: .@FoxNews Charles Krauthammer reveals he has weeks to live in his heartbreaking letter üåπ.

I‚Äôm sad to read Charles‚Äô letter‚Ä¶",31
364,-0.1007,0.128,0.128,0.112,@FoxNews,2018-06-08 22:10:46,"RT @President1Trump: .@ShepNewsTeam says he hopes President Trump doesn‚Äôt watch his show! Don‚Äôt worry about it Shep, nobody does @FoxNews #‚Ä¶",32
365,-0.1027,0.08,0.08,0.0,@FoxNews,2018-06-08 22:10:46,@FoxNews @MittRomney @realDonaldTrump Hard to do from a jail cell. ‚ÄúWho wants a president that‚Äôs always under inves‚Ä¶ https://t.co/zKxr3q9QII,33
366,0.4215,0.0,0.0,0.167,@FoxNews,2018-06-08 22:10:46,"RT @FoxNews: .@POTUS on trade negotiations with Canada: ""We've made a lot of progress today."" https://t.co/WtiUwDHqGI",34
367,0.0,0.0,0.0,0.0,@FoxNews,2018-06-08 22:10:45,RT @FoxNews: President @realDonaldTrump calls for probe into claims the Obama administration tried to give Iran access to U.S. banks. https‚Ä¶,35
368,-0.5574,0.146,0.146,0.0,@FoxNews,2018-06-08 22:10:45,"RT @FoxNews: Rep. @SteveKingIA on illegal immigration: ""We need to be willing to send people back or they'll keep coming."" #Tucker https://‚Ä¶",36
369,-0.8126,0.344,0.344,0.0,@FoxNews,2018-06-08 22:10:45,RT @FoxNews: Former burn pit inspector says warnings were largely ignored by Pentagon officials during Iraq War https://t.co/k1ViAFDGhI @fo‚Ä¶,37
370,0.8625,0.0,0.0,0.361,@FoxNews,2018-06-08 22:10:45,"RT @SimplyJeff1886: @FoxNews @POTUS I hope @POTUS, @realDonaldTrump will do this it would make a wonderful improvement to so many ppl like‚Ä¶",38
371,0.5859,0.0,0.0,0.275,@FoxNews,2018-06-08 22:10:45,RT @FoxNews: .@MittRomney predicts a @realDonaldTrump win in 2020. #SpecialReport https://t.co/FtXsikIvlB https://t.co/cBlIaz2sMS,39
372,-0.6369,0.206,0.206,0.0,@FoxNews,2018-06-08 22:10:44,"@FoxNews Are jobs reports classified, if they are Dems don't score any brownie points with voters, they just look stupid and petty.",40
373,0.0,0.0,0.0,0.0,@FoxNews,2018-06-08 22:10:42,"RT @FoxNews: OPINION: The G7 should listen to Trump or go away.
https://t.co/XNrBhmRyPQ",41
374,0.0,0.0,0.0,0.0,@FoxNews,2018-06-08 22:10:42,RT @FoxNews: .@Tesla employee spotted slumped over in moving Model S. https://t.co/t2J0N6fyR8,42
375,0.5859,0.0,0.0,0.275,@FoxNews,2018-06-08 22:10:42,RT @FoxNews: .@MittRomney predicts a @realDonaldTrump win in 2020. #SpecialReport https://t.co/FtXsikIvlB https://t.co/cBlIaz2sMS,43
376,0.0,0.0,0.0,0.0,@FoxNews,2018-06-08 22:10:41,RT @DesignationSix: Here are some @FoxNews  and @seanhannity advertisers. Since I have them tagged here they will each get notified every t‚Ä¶,44
377,0.5859,0.0,0.0,0.275,@FoxNews,2018-06-08 22:10:41,RT @FoxNews: .@MittRomney predicts a @realDonaldTrump win in 2020. #SpecialReport https://t.co/FtXsikIvlB https://t.co/cBlIaz2sMS,45
378,0.0,0.0,0.0,0.0,@FoxNews,2018-06-08 22:10:41,@Theresaferney @BarberreeMike @DCraelin @lister_lester @FoxNews @POTUS @jjspeelman @Whitefall @robreiner @WillemFaz‚Ä¶ https://t.co/XmnWhsMHhO,46
379,0.8268,0.0,0.0,0.216,@FoxNews,2018-06-08 22:10:40,"RT @FoxNews: ""I'm just really happy that he has put this out so that he can see how much the world loves him and how much he changed the wo‚Ä¶",47
380,0.6249,0.0,0.0,0.212,@FoxNews,2018-06-08 22:10:40,RT @SaraCarterDC: We will be discussing this and more with @seanhannity @FoxNews @GreggJarrett tonight 9 p.m. EST hope you join us https://‚Ä¶,48
381,0.4404,0.0,0.0,0.116,@FoxNews,2018-06-08 22:10:39,"RT @GregShugar: ‚ÄúTrump knows how to negotiate good deals.‚Äù

Has anyone ever asked what evidence there is of this? The @FoxNews cavalry can‚Äô‚Ä¶",49
382,0.5882,0.0,0.0,0.27,@FoxNews,2018-06-08 22:10:38,"RT @usminority: PLZ RT!! 
See full video and join the #WalkAway movement:
https://t.co/Lh1DFF86Sg
#ThursdayThoughts 
#MakeAmericaGreatAgain‚Ä¶",50
383,-0.6908,0.305,0.305,0.0,@FoxNews,2018-06-08 22:10:38,"RT @FoxNews: Affluenza teen's' mom, Tonya Couch, faces arrest warrant after failing drug test. https://t.co/QfdbrrVtNv",51
384,-0.2716,0.173,0.173,0.0,@FoxNews,2018-06-08 22:10:37,@TWestBSNRN @ANNEAnniefrank @lakemichigangal @DjLots3 @1Romans58 @FoxNews Jessica Tarloff is quite strange.,52
385,0.0,0.0,0.0,0.0,@FoxNews,2018-06-08 22:10:37,@ZekeRocha @FoxNews BINGO üëÜ,53
386,-0.7096,0.312,0.312,0.0,@FoxNews,2018-06-08 22:10:37,RT @FoxNews: 'People Should Know': RFK Jr. on JFK Assassination Docs Stuck Under Wraps. https://t.co/eNR7jsCVqx,54
387,-0.4449,0.369,0.369,0.0,@FoxNews,2018-06-08 22:10:37,@FoxNews @MittRomney @realDonaldTrump MITT isn't trustworthy.,55
388,0.4215,0.0,0.0,0.167,@FoxNews,2018-06-08 22:10:36,"RT @FoxNews: .@POTUS on trade negotiations with Canada: ""We've made a lot of progress today."" https://t.co/WtiUwDHqGI",56
389,0.0,0.0,0.0,0.0,@FoxNews,2018-06-08 22:10:36,"RT @FoxNews: .@SenCoryGardner on his bipartisan marijuana bill with @SenWarren: ""This is allowing the states to determine for themselves wh‚Ä¶",57
390,-0.7269,0.234,0.234,0.0,@FoxNews,2018-06-08 22:10:36,"RT @OliverMcGee: .@FoxNews Charles Krauthammer reveals he has weeks to live in his heartbreaking letter üåπ.

I‚Äôm sad to read Charles‚Äô letter‚Ä¶",58
391,0.6249,0.0,0.0,0.339,@FoxNews,2018-06-08 22:10:35,RT @KingDon_45: @sparkyandtaz @FoxNews @POTUS He‚Äôs great on Immigration,59
392,0.0,0.0,0.0,0.0,@FoxNews,2018-06-08 22:10:35,@FoxNews  https://t.co/rA55ol1p1l,60
393,-0.2023,0.148,0.148,0.113,@FoxNews,2018-06-08 22:10:35,"RT @ProudResister: Dear @FoxNews,

One of your disgruntled employees, Sean Hannity, is advising witnesses in a criminal investigation to de‚Ä¶",61
394,0.0,0.0,0.0,0.0,@FoxNews,2018-06-08 22:10:35,RT @DesignationSix: Here are some @FoxNews  and @seanhannity advertisers. Since I have them tagged here they will each get notified every t‚Ä¶,62
395,0.8268,0.0,0.0,0.216,@FoxNews,2018-06-08 22:10:34,"RT @FoxNews: ""I'm just really happy that he has put this out so that he can see how much the world loves him and how much he changed the wo‚Ä¶",63
396,-0.4939,0.219,0.219,0.0,@FoxNews,2018-06-08 22:10:34,"RT @FoxNews: Democratic senators accuse Trump of possible leak, call for investigation into jobs report tweet https://t.co/th2LBTdhT4",64
397,-0.4215,0.167,0.167,0.0,@FoxNews,2018-06-08 22:10:34,"@DieErVonYahweh @mamasittalove @russwhite69 @FoxNews @POTUS Right because all those indictments, guilty pleas, of h‚Ä¶ https://t.co/GFZDTu5ou9",65
398,0.5871,0.0,0.0,0.656,@FoxNews,2018-06-08 22:10:34,@FoxNews She's a JOKE!!!,66
399,0.0,0.0,0.0,0.0,@FoxNews,2018-06-08 22:10:33,@FoxNews @MittRomney @realDonaldTrump Mitt Romney couldn't get elected in Utah.,67
400,0.0,0.0,0.0,0.0,@FoxNews,2018-06-08 22:10:33,@FoxNews @MittRomney @realDonaldTrump Next POTUS is @RepAdamSchiff,68
401,0.6369,0.0,0.0,0.375,@FoxNews,2018-06-08 22:10:33,@TheGamer1995th @FoxNews @POTUS And by best I mean rational,69
402,0.5859,0.0,0.0,0.275,@FoxNews,2018-06-08 22:10:32,RT @FoxNews: .@MittRomney predicts a @realDonaldTrump win in 2020. #SpecialReport https://t.co/FtXsikIvlB https://t.co/cBlIaz2sMS,70
403,-0.3034,0.131,0.131,0.083,@FoxNews,2018-06-08 22:10:31,"RT @SebGorka: Well it happened.

Just before midnight I finished my second book:

       WHY WE FIGHT

Now off to Singapore to cover @realD‚Ä¶",71
404,0.0,0.0,0.0,0.0,@FoxNews,2018-06-08 22:10:31,RT @FoxNews: President @realDonaldTrump calls for probe into claims the Obama administration tried to give Iran access to U.S. banks. https‚Ä¶,72
405,-0.6908,0.32,0.32,0.0,@FoxNews,2018-06-08 22:10:31,@FoxNews @POTUS Yup that bs nobama tried to kill the Usa,73
406,0.7351,0.097,0.097,0.315,@FoxNews,2018-06-08 22:10:30,RT @FoxNews: 'The Victims Aren't Dancing': PA @RepLouBarletta Blasts Philadelphia Mayor for Celebrating Sanctuary City Win. https://t.co/Va‚Ä¶,74
407,0.0,0.0,0.0,0.0,@FoxNews,2018-06-08 22:10:28,RT @KingDon_45: @FoxNews @POTUS I don‚Äôt know how else to get rid of Sessions ! This should work,75
408,0.5023,0.0,0.0,0.134,@FoxNews,2018-06-08 22:10:28,"RT @IngrahamAngle: Nights on @FoxNews haven‚Äôt been the same without @krauthammer, but we were all expecting him to return. Thank you, Charl‚Ä¶",76
409,0.0,0.0,0.0,0.0,@FoxNews,2018-06-08 22:10:27,@joan7980 @FoxNews @MittRomney @realDonaldTrump Is there a Democrat running in 2020 that has one?,77
410,0.0,0.0,0.0,0.0,@FoxNews,2018-06-08 22:10:27,RT @ZekeRocha: @FoxNews Or Trump should go away.,78
411,0.1655,0.0,0.0,0.064,@FoxNews,2018-06-08 22:10:27,"RT @FoxNews: .@POTUS: ‚ÄúI do have an absolute right to pardon myself, but I‚Äôll never have to do it because I didn‚Äôt do anything wrong.‚Äù http‚Ä¶",79
412,0.0,0.0,0.0,0.0,@FoxNews,2018-06-08 22:10:27,@FoxNews @MittRomney @realDonaldTrump So do I. Where‚Äôs my report?,80
413,0.0,0.0,0.0,0.0,@FoxNews,2018-06-08 22:10:26,RT @DesignationSix: Here are some @FoxNews  and @seanhannity advertisers. Since I have them tagged here they will each get notified every t‚Ä¶,81
414,0.8625,0.0,0.0,0.431,@FoxNews,2018-06-08 22:10:24,@kimguilfoyle @realDonaldTrump @TheFive @FoxNews Please explain how pardoning Dinesh D‚ÄôSousa and Joe Arpaio championed justice in any way?,82
415,0.0,0.0,0.0,0.0,@FoxNews,2018-06-08 22:10:24,@FoxNews #FoxNewsIsPoison,83
416,0.0,0.0,0.0,0.0,@FoxNews,2018-06-08 22:10:24,@FoxNews  https://t.co/5cpbJrRyxT,84
417,-0.5859,0.495,0.495,0.0,@FoxNews,2018-06-08 22:10:23,@FoxNews Blah blah blah blah blah...I have high cheekbones so I must be American Indian...blah blah blah blah,85
418,0.8885,0.0,0.0,0.365,@FoxNews,2018-06-08 22:10:23,"RT @AnthemRespect: Thanks for the heads up 
#ShepardSmith - NOW WE KNOW WHAT NOT TO WATCH.

Now please @FoxNews, for the love of God, will‚Ä¶",86
419,0.5994,0.0,0.0,0.224,@FoxNews,2018-06-08 22:10:23,"RT @Baby___Del: Dear Mr.
@rupertmurdoch, 
I was wondering if you would please consider the termination of @ShepNewsTeam from @FoxNews. 
He‚Ä¶",87
420,0.7413,0.085,0.085,0.309,@FoxNews,2018-06-08 22:10:23,"@FoxNews @POTUS President Trump has resorted to use of 'Power To Pardon' to boost his very low approval ratings!

P‚Ä¶ https://t.co/t8OQaBdQWf",88
421,-0.4939,0.219,0.219,0.0,@FoxNews,2018-06-08 22:10:22,"RT @FoxNews: Democratic senators accuse Trump of possible leak, call for investigation into jobs report tweet https://t.co/th2LBTdhT4",89
422,0.8268,0.0,0.0,0.216,@FoxNews,2018-06-08 22:10:22,"RT @FoxNews: ""I'm just really happy that he has put this out so that he can see how much the world loves him and how much he changed the wo‚Ä¶",90
423,-0.25,0.105,0.105,0.0,@FoxNews,2018-06-08 22:10:22,@FoxNews the article bu marc thiessen is a cheap propaganda with an element of political filthiness. which exposes‚Ä¶ https://t.co/pIB2Occl75,91
424,0.6249,0.0,0.0,0.212,@FoxNews,2018-06-08 22:10:21,RT @SaraCarterDC: We will be discussing this and more with @seanhannity @FoxNews @GreggJarrett tonight 9 p.m. EST hope you join us https://‚Ä¶,92
425,-0.1531,0.165,0.165,0.096,@FoxNews,2018-06-08 22:10:21,RT @FoxNews: Lawmakers demand answers at hearing over how VA is helping tens of thousands of burn pit victims. https://t.co/Izyr6mfixA,93
426,-0.7269,0.234,0.234,0.0,@FoxNews,2018-06-08 22:10:20,"RT @OliverMcGee: .@FoxNews Charles Krauthammer reveals he has weeks to live in his heartbreaking letter üåπ.

I‚Äôm sad to read Charles‚Äô letter‚Ä¶",94
427,0.5859,0.0,0.0,0.275,@FoxNews,2018-06-08 22:10:20,RT @FoxNews: .@MittRomney predicts a @realDonaldTrump win in 2020. #SpecialReport https://t.co/FtXsikIvlB https://t.co/cBlIaz2sMS,95
428,0.6369,0.0,0.0,0.412,@FoxNews,2018-06-08 22:10:19,@SaraCarterDC @seanhannity @FoxNews @GreggJarrett I love you Sara.....,96
429,0.0,0.0,0.0,0.0,@FoxNews,2018-06-08 22:10:18,@FoxNews @MittRomney @realDonaldTrump What golf,97
430,0.0,0.0,0.0,0.0,@FoxNews,2018-06-08 22:10:18,"@FoxNews üòÇüòÇüòÇüòÇüòÇüòÇ on a level of 0 - liberal, how butthurt is @SenWarren",98
431,0.2023,0.0,0.0,0.091,@FoxNews,2018-06-08 22:10:18,"RT @FoxNews: OPINION: Suicides of Anthony Bourdain, Kate Spade ‚Äì and my brother ‚Äì can teach us important life lessons https://t.co/0tydJlWv‚Ä¶",99
432,0.4404,0.087,0.087,0.166,@nytimes,2018-06-08 22:10:59,RT @ADHRB: The #Bahrain govt maintains over a dozen outstanding charges against @NABEELRAJAB some related to letters and op-eds published i‚Ä¶,1
433,0.0,0.0,0.0,0.0,@nytimes,2018-06-08 22:10:59,"RT @nytimes: Anthony Bourdain‚Äôs TV series understood that food is geographical, economic and political, @poniewozik writes https://t.co/7uU‚Ä¶",2
434,-0.5859,0.167,0.167,0.0,@nytimes,2018-06-08 22:10:59,@jeremy_bbethbo @paix120 @nytimes Those are not the laws. That is the cruel and inhuman policy of Donald J Trump an‚Ä¶ https://t.co/HIwsKSAUvb,3
435,-0.001,0.063,0.063,0.063,@nytimes,2018-06-08 22:10:58,@WellsIAm @markdmalek @leefairbanks @nytimes @TheSteinLine Also let‚Äôs not pretend that McHale and Ainge didn‚Äôt collide to get KG to Boston.,4
436,0.0,0.0,0.0,0.0,@nytimes,2018-06-08 22:10:58,"RT @LouiseMensch: @Peaceful_411 @lauferlaw @washingtonpost @LouiseBagshawe @patribotics It was a commenter guys, not the actual paper. @nyt‚Ä¶",5
437,-0.4404,0.112,0.112,0.0,@nytimes,2018-06-08 22:10:58,"RT @nytimes: When Jos√©, 5,  landed in Michigan, all he carried was a trash bag stuffed with dirty clothes from his dayslong trek across Mex‚Ä¶",6
438,0.0,0.0,0.0,0.0,@nytimes,2018-06-08 22:10:55,"RT @nytimes: Mary Ann Shadd Cary was the first black woman in North America to edit and publish a newspaper, one of the first black female‚Ä¶",7
439,0.0,0.0,0.0,0.0,@nytimes,2018-06-08 22:10:51,"RT @DBloom451: Get a look at the old man, James Wolfe, who was apparently bangin‚Äô a young journalist, @AliWatkins, in exchange for classifi‚Ä¶",8
440,0.0,0.0,0.0,0.0,@nytimes,2018-06-08 22:10:51,"RT @nytimes: Anthony Bourdain‚Äôs TV series understood that food is geographical, economic and political, @poniewozik writes https://t.co/7uU‚Ä¶",9
441,0.0,0.0,0.0,0.0,@nytimes,2018-06-08 22:10:51,"RT @DBloom451: Get a look at the old man, James Wolfe, who was apparently bangin‚Äô a young journalist, @AliWatkins, in exchange for classifi‚Ä¶",10
442,0.0,0.0,0.0,0.0,@nytimes,2018-06-08 22:10:51,"RT @ManosLimpiasCo: Lo dice el @nytimes: Es hora de jubilar a Uribe
https://t.co/UrZ96bMPci",11
443,0.0,0.0,0.0,0.0,@nytimes,2018-06-08 22:10:50,@nytimes Was this ghostwritten by Ali Watkins referring to her seduction of James Wolfe in exchange for classified info?,12
444,0.0,0.0,0.0,0.0,@nytimes,2018-06-08 22:10:50,"RT @ManosLimpiasCo: Lo dice el @nytimes: Es hora de jubilar a Uribe
https://t.co/UrZ96bMPci",13
445,0.0,0.0,0.0,0.0,@nytimes,2018-06-08 22:10:45,"RT @nytimes: Anthony Bourdain‚Äôs TV series understood that food is geographical, economic and political, @poniewozik writes https://t.co/7uU‚Ä¶",14
446,-0.8115,0.362,0.362,0.0,@nytimes,2018-06-08 22:10:44,"fuck right off @nytimes . if you really gave a shit, you wouldn't paywall this article. https://t.co/eCaS0hE82B",15
447,0.7184,0.0,0.0,0.222,@nytimes,2018-06-08 22:10:44,"RT @HereditaryMovie: #HEREDITARY is the scariest film of the year, and also one of the best. @NYTimes Critic's Pick ‚Äî¬†Now Playing In Theate‚Ä¶",16
448,-0.0258,0.171,0.171,0.128,@nytimes,2018-06-08 22:10:43,"@DBloom451 @AliWatkins @nytimes @BuzzFeed That is why no one trust the media - no morals, ethics , just the clicks at any costs",17
449,0.0,0.0,0.0,0.0,@nytimes,2018-06-08 22:10:40,"RT @DBloom451: Get a look at the old man, James Wolfe, who was apparently bangin‚Äô a young journalist, @AliWatkins, in exchange for classifi‚Ä¶",18
450,0.0,0.0,0.0,0.0,@nytimes,2018-06-08 22:10:39,"RT @intellwatch: Hey liberal democrat, lets talk about your lil liberal boy James Wolfe. Typical liberal democrats on full display @nytimes‚Ä¶",19
451,0.0,0.0,0.0,0.0,@nytimes,2018-06-08 22:10:39,"RT @nytimes: Anthony Bourdain‚Äôs TV series understood that food is geographical, economic and political, @poniewozik writes https://t.co/7uU‚Ä¶",20
452,0.0,0.0,0.0,0.0,@nytimes,2018-06-08 22:10:38,"RT @nytimes: Anthony Bourdain‚Äôs TV series understood that food is geographical, economic and political, @poniewozik writes https://t.co/7uU‚Ä¶",21
453,-0.4767,0.756,0.756,0.0,@nytimes,2018-06-08 22:10:34,@nytimes Gross,22
454,0.0,0.0,0.0,0.0,@nytimes,2018-06-08 22:10:33,"RT @nytimes: Police officers in Baltimore used brass knuckles and baseball bats and went after drug dealers, because they kept cash. When t‚Ä¶",23
455,0.4019,0.097,0.097,0.178,@nytimes,2018-06-08 22:10:32,"RT @nytimes: ""It could be the first time that all art enemies and art lovers can agree about one thing,"" said one of the artists behind 4 g‚Ä¶",24
456,0.0,0.0,0.0,0.0,@nytimes,2018-06-08 22:10:31,"Hey @nytimes, how many of your reporters are having sex with government officials so they can get inside information from them?",25
457,0.296,0.0,0.0,0.095,@nytimes,2018-06-08 22:10:31,"RT @AliWatkins: Oh yeah, I should probably remind you all that I'm not actually disappearing. Starting Monday, find me covering ATF, DEA, S‚Ä¶",26
458,0.3802,0.0,0.0,0.139,@nytimes,2018-06-08 22:10:24,"@nytimes @poniewozik Cool post!
Pre-Save our new single on Spotify here:
https://t.co/3A9AylKZ36 and will appear au‚Ä¶ https://t.co/e5rY35nWbE",27
459,0.0,0.0,0.0,0.0,@nytimes,2018-06-08 22:10:22,"RT @nytimes: Anthony Bourdain‚Äôs TV series understood that food is geographical, economic and political, @poniewozik writes https://t.co/7uU‚Ä¶",28
460,0.0,0.0,0.0,0.0,@nytimes,2018-06-08 22:10:20,RT @nytimes: The U.S. just beat out China to develop the world‚Äôs fastest supercomputer. You‚Äôd need 63 billion years to match what it does i‚Ä¶,29
461,0.0,0.0,0.0,0.0,@nytimes,2018-06-08 22:10:16,"RT @nytimes: If LeBron James wants to beat the Warriors, he may need to take a page out of Kevin Durant‚Äôs playbook and find a team that mak‚Ä¶",30
462,0.4404,0.0,0.0,0.146,@nytimes,2018-06-08 22:10:14,"RT @F24Debate: ""The French youth understands multiculturalism and secularism better than the older generations"" @AidaAlami from @nytimes di‚Ä¶",31
463,0.0,0.0,0.0,0.0,@nytimes,2018-06-08 22:10:13,RT @nytimes: The U.S. just beat out China to develop the world‚Äôs fastest supercomputer. You‚Äôd need 6.3 billion years to match what it does‚Ä¶,32
464,-0.34,0.118,0.118,0.0,@nytimes,2018-06-08 22:10:13,"RT @Sonja_Ann: @parallaxer @shaltsch @AppropsDems @HouseGOP That should be the headline @nytimes ‚ÄúSTUNNING LEVEL OF EVIL,‚Äù @GOP denying hea‚Ä¶",33
465,-0.4215,0.168,0.168,0.094,@nytimes,2018-06-08 22:10:13,RT @picardonhealth: The @globeandmail and @nytimes are now adding contact info for crisis hotlines to stories about #suicide. Responsible #‚Ä¶,34
466,-0.34,0.328,0.328,0.203,@nytimes,2018-06-08 22:10:13,What to Do When a Loved One Is Severely Depressed    via @NYTimes  https://t.co/ovgzohbul6,35
467,-0.6908,0.17,0.17,0.0,@nytimes,2018-06-08 22:10:12,"RT @obrerx: @nytimes This is yet more affirmation of what has been obvious for decades: cops can get away with blatant, outright murder in‚Ä¶",36
468,0.7717,0.0,0.0,0.324,@nytimes,2018-06-08 22:10:11,RT @nytimes: What love looks like over the course of one day in New York https://t.co/8pJm5MnAU2,37
469,0.0,0.0,0.0,0.0,@nytimes,2018-06-08 22:10:11,@GcReforms @SpeakerRyan @RepGoodlatte @GOPLeader @RepMcSally @RepAndyBarr @cathymcmorris @RepRoKhanna‚Ä¶ https://t.co/3HOe318WaT,38
470,-0.5574,0.146,0.146,0.0,@nytimes,2018-06-08 22:10:07,"RT @nytimes: Breaking News: Anthony Bourdain, whose memoir about the dark corners of New York‚Äôs restaurants started a TV career, died at 61‚Ä¶",39
471,0.0,0.0,0.0,0.0,@nytimes,2018-06-08 22:10:05,"RT @nytimes: Anthony Bourdain‚Äôs TV series understood that food is geographical, economic and political, @poniewozik writes https://t.co/7uU‚Ä¶",40
472,0.1531,0.0,0.0,0.071,@nytimes,2018-06-08 22:10:05,"RT @kcroninfurman: And yeah, maybe it's inadvertent, but if so, it's negligent af. The policy reports stemming from this research have been‚Ä¶",41
473,0.0,0.0,0.0,0.0,@nytimes,2018-06-08 22:10:04,"RT @nytimes: Anthony Bourdain‚Äôs TV series understood that food is geographical, economic and political, @poniewozik writes https://t.co/7uU‚Ä¶",42
474,0.0,0.0,0.0,0.0,@nytimes,2018-06-08 22:10:03,"RT @nytimes: Anthony Bourdain‚Äôs TV series understood that food is geographical, economic and political, @poniewozik writes https://t.co/7uU‚Ä¶",43
475,0.0,0.0,0.0,0.0,@nytimes,2018-06-08 22:10:02,"RT @nytimes: Justin Trudeau said at a news conference with Emmanuel Macron that ""we are going to defend our industries and our workers"" and‚Ä¶",44
476,0.0,0.0,0.0,0.0,@nytimes,2018-06-08 22:09:58,"RT @nytimes: Anthony Bourdain‚Äôs TV series understood that food is geographical, economic and political, @poniewozik writes https://t.co/7uU‚Ä¶",45
477,-0.5267,0.167,0.167,0.0,@nytimes,2018-06-08 22:09:57,RT @nytimes: A lost John Coltrane recording from 1963 will be released for the first time in June. His classic quartet cut the album 2 year‚Ä¶,46
478,-0.4215,0.168,0.168,0.094,@nytimes,2018-06-08 22:09:57,RT @picardonhealth: The @globeandmail and @nytimes are now adding contact info for crisis hotlines to stories about #suicide. Responsible #‚Ä¶,47
479,0.8225,0.0,0.0,0.297,@nytimes,2018-06-08 22:09:55,RT @RealBillRussell: The best thing that happened to @Eagles since winning the #superbowl is @realDonaldTrump uninviting them to the #White‚Ä¶,48
480,0.0516,0.099,0.099,0.107,@nytimes,2018-06-08 22:09:53,"RT @nytimes: The chief spokesman of Pakistan's army recently declared that social media users who criticized the military were engaged in ""‚Ä¶",49
481,0.0,0.0,0.0,0.0,@nytimes,2018-06-08 22:09:51,"RT @nytimes: Anthony Bourdain‚Äôs TV series understood that food is geographical, economic and political, @poniewozik writes https://t.co/7uU‚Ä¶",50
482,0.0,0.0,0.0,0.0,@nytimes,2018-06-08 22:09:48,"RT @ManosLimpiasCo: Lo dice el @nytimes: Es hora de jubilar a Uribe
https://t.co/UrZ96bMPci",51
483,-0.633,0.273,0.273,0.113,@nytimes,2018-06-08 22:09:46,@AliWatkins @nytimes So the New York Times is OK with their reporters sleeping with their sources? Disgusting and treasonous,52
484,0.0,0.0,0.0,0.0,@nytimes,2018-06-08 22:09:43,"RT @DBloom451: Get a look at the old man, James Wolfe, who was apparently bangin‚Äô a young journalist, @AliWatkins, in exchange for classifi‚Ä¶",53
485,-0.6705,0.333,0.333,0.0,@nytimes,2018-06-08 22:09:40,"1 American Soldier Killed, 4 Wounded in Somalia Firefight   via @NYTimes https://t.co/UBZbjSD8gz",54
486,0.1027,0.0,0.0,0.069,@nytimes,2018-06-08 22:09:40,"RT @paix120: @jeremy_bbethbo @nytimes Most of them aren't crossing illegally, they're legally presenting themselves at the border to ask fo‚Ä¶",55
487,-0.1018,0.051,0.051,0.0,@nytimes,2018-06-08 22:09:38,RT @Joelcpj: The @AliWatkins @nytimes case is very alarming in its own right but may also be the opening salvo in an effort by the Trump ad‚Ä¶,56
488,0.0,0.0,0.0,0.0,@nytimes,2018-06-08 22:09:37,@nytimes I wonder if Trudeau could run for President of the US?,57
489,0.0,0.0,0.0,0.0,@nytimes,2018-06-08 22:09:35,Any comment @BBCWorld @AP @AFP @CNN @ABC @FoxNews @MSNBC @WSJ @nytimes @latimes https://t.co/JJIxufjhkW,58
490,-0.25,0.095,0.095,0.0,@nytimes,2018-06-08 22:09:33,"RT @Mondoweiss: The @nytimes echoes Israeli propaganda about slain Palestinian medic #RazanNajjar, saying she was more ""complex"" than the i‚Ä¶",59
491,0.0,0.0,0.0,0.0,@nytimes,2018-06-08 22:09:28,"RT @DBloom451: Get a look at the old man, James Wolfe, who was apparently bangin‚Äô a young journalist, @AliWatkins, in exchange for classifi‚Ä¶",60
492,0.4019,0.0,0.0,0.162,@nytimes,2018-06-08 22:09:26,"@boiseoutspoken @ifelic @Raul_Labrador @USDOL @nytimes Why yes, school is a current factor. Get off your horse.",61
493,0.0,0.0,0.0,0.0,@nytimes,2018-06-08 22:09:26,Hot Heads: Why Mammals Need R.E.M. Sleep   via @NYTimes. https://t.co/nvN6hVSPsM,62
494,0.0,0.0,0.0,0.0,@nytimes,2018-06-08 22:09:25,RT @bchapman151: Boom. @nytimes gonna get slammed for this one.  Keep it up!! https://t.co/3HLPDBygVh,63
495,-0.4404,0.112,0.112,0.0,@nytimes,2018-06-08 22:09:25,"RT @nytimes: When Jos√©, 5,  landed in Michigan, all he carried was a trash bag stuffed with dirty clothes from his dayslong trek across Mex‚Ä¶",64
496,0.6369,0.0,0.0,0.457,@nytimes,2018-06-08 22:09:20,@nytimes hires the best people https://t.co/4YgjEMacnY,65
497,0.0,0.0,0.0,0.0,@nytimes,2018-06-08 22:09:19,"RT @nytimes: Anthony Bourdain‚Äôs TV series understood that food is geographical, economic and political, @poniewozik writes https://t.co/7uU‚Ä¶",66
498,0.0,0.0,0.0,0.0,@nytimes,2018-06-08 22:09:17,RT @nytimes: The U.S. just beat out China to develop the world‚Äôs fastest supercomputer. You‚Äôd need 6.3 billion years to match what it does‚Ä¶,67
499,0.0,0.0,0.0,0.0,@nytimes,2018-06-08 22:09:14,"RT @nytimes: Anthony Bourdain‚Äôs TV series understood that food is geographical, economic and political, @poniewozik writes https://t.co/7uU‚Ä¶",68
500,0.0,0.0,0.0,0.0,@nytimes,2018-06-08 22:09:12,"RT @nytimes: Anthony Bourdain‚Äôs TV series understood that food is geographical, economic and political, @poniewozik writes https://t.co/7uU‚Ä¶",69
501,0.0,0.0,0.0,0.0,@nytimes,2018-06-08 22:09:11,"RT @nytimes: Anthony Bourdain‚Äôs TV series understood that food is geographical, economic and political, @poniewozik writes https://t.co/7uU‚Ä¶",70
502,0.0,0.0,0.0,0.0,@nytimes,2018-06-08 22:09:10,"RT @nytimes: Anthony Bourdain‚Äôs TV series understood that food is geographical, economic and political, @poniewozik writes https://t.co/7uU‚Ä¶",71
503,0.0,0.0,0.0,0.0,@nytimes,2018-06-08 22:09:08,"RT @DBloom451: Get a look at the old man, James Wolfe, who was apparently bangin‚Äô a young journalist, @AliWatkins, in exchange for classifi‚Ä¶",72
504,0.0,0.0,0.0,0.0,@nytimes,2018-06-08 22:09:03,"RT @nytimes: Anthony Bourdain‚Äôs TV series understood that food is geographical, economic and political, @poniewozik writes https://t.co/7uU‚Ä¶",73
505,-0.7184,0.261,0.261,0.0,@nytimes,2018-06-08 22:09:02,@nytimes people get to the point that they see no way out.the world is too cruel for sensitive souls,74
506,0.1027,0.14,0.14,0.158,@nytimes,2018-06-08 22:08:57,"@chrislhayes Weird.. you covered them, enthusiastically and breathlessly when your daddy Bernie was mad about the D‚Ä¶ https://t.co/0hYbjIpGfa",75
507,0.0,0.0,0.0,0.0,@nytimes,2018-06-08 22:08:56,"RT @nytimes: Anthony Bourdain‚Äôs TV series understood that food is geographical, economic and political, @poniewozik writes https://t.co/7uU‚Ä¶",76
508,0.8225,0.0,0.0,0.297,@nytimes,2018-06-08 22:08:54,RT @RealBillRussell: The best thing that happened to @Eagles since winning the #superbowl is @realDonaldTrump uninviting them to the #White‚Ä¶,77
509,0.7909,0.0,0.0,0.304,@nytimes,2018-06-08 22:08:50,"RT @NYTimesPR: We're so thrilled to welcome @edmundlee to the @nytimes, joining @nytimesbusiness as a corporate media reporter https://t.co‚Ä¶",78
510,0.0,0.0,0.0,0.0,@nytimes,2018-06-08 22:08:49,The Deep Sea May Soon Be Up for Grabs   via @NYTimes https://t.co/NnLsBedNg6,79
511,0.0,0.0,0.0,0.0,@nytimes,2018-06-08 22:08:46,"RT @nytimes: Anthony Bourdain‚Äôs TV series understood that food is geographical, economic and political, @poniewozik writes https://t.co/7uU‚Ä¶",80
512,0.0,0.0,0.0,0.0,@nytimes,2018-06-08 22:08:45,"@nytimes @poniewozik Bourdain‚Äôs life was in a ‚Äúbeen there done that‚Äô loop, so he checked himself out. RIP Tony, we‚Ä¶ https://t.co/KrgpV2912M",81
513,0.0,0.0,0.0,0.0,@nytimes,2018-06-08 22:08:45,"RT @nytimes: Anthony Bourdain‚Äôs TV series understood that food is geographical, economic and political, @poniewozik writes https://t.co/7uU‚Ä¶",82
514,0.0,0.0,0.0,0.0,@nytimes,2018-06-08 22:08:44,RT @AmethystJ24: @nytimes  https://t.co/PGjDlIzOnh,83
515,0.0,0.0,0.0,0.0,@nytimes,2018-06-08 22:08:43,"RT @DBloom451: Get a look at the old man, James Wolfe, who was apparently bangin‚Äô a young journalist, @AliWatkins, in exchange for classifi‚Ä¶",84
516,0.7909,0.0,0.0,0.304,@nytimes,2018-06-08 22:08:41,"RT @NYTimesPR: We're so thrilled to welcome @edmundlee to the @nytimes, joining @nytimesbusiness as a corporate media reporter https://t.co‚Ä¶",85
517,0.0,0.0,0.0,0.0,@nytimes,2018-06-08 22:08:40,"RT @nytimes: Anthony Bourdain‚Äôs TV series understood that food is geographical, economic and political, @poniewozik writes https://t.co/7uU‚Ä¶",86
518,-0.5362,0.147,0.147,0.0,@nytimes,2018-06-08 22:08:38,RT @kevinbacon: This is just terrible. How do they sleep at night? What part of ‚ÄúProtection‚Äù do they not understand? Sickening...literally.‚Ä¶,87
519,0.0,0.0,0.0,0.0,@nytimes,2018-06-08 22:08:30,"RT @nytimes: Anthony Bourdain‚Äôs TV series understood that food is geographical, economic and political, @poniewozik writes https://t.co/7uU‚Ä¶",88
520,0.0,0.0,0.0,0.0,@nytimes,2018-06-08 22:08:26,"RT @nytimes: Anthony Bourdain‚Äôs TV series understood that food is geographical, economic and political, @poniewozik writes https://t.co/7uU‚Ä¶",89
521,0.0,0.0,0.0,0.0,@nytimes,2018-06-08 22:08:23,RT @eucopresident: Are President Trump's decisions merely seasonal turbulences or rather the first symptoms of the breakup of the Western p‚Ä¶,90
522,-0.4767,0.279,0.279,0.0,@nytimes,2018-06-08 22:08:22,The Price of an Incompetent President   via @NYTimes https://t.co/xcqEuaA9X4,91
523,0.0,0.0,0.0,0.0,@nytimes,2018-06-08 22:08:22,"@nytimes reporter

But it's Trump that is dividing us https://t.co/ytXWWrZDGo",92
524,0.1531,0.206,0.206,0.35,@nytimes,2018-06-08 22:08:21,"RT @nytimes: Weight training may help to ease or prevent depression
https://t.co/N2lhpIy2v5",93
525,0.0,0.0,0.0,0.0,@nytimes,2018-06-08 22:08:21,"RT @ManosLimpiasCo: Lo dice el @nytimes: Es hora de jubilar a Uribe
https://t.co/UrZ96bMPci",94
526,-0.4767,0.279,0.279,0.0,@nytimes,2018-06-08 22:08:20,The Price of an Incompetent President   via @NYTimes https://t.co/IniYPUdw7s,95
527,0.1531,0.145,0.145,0.173,@nytimes,2018-06-08 22:08:16,Collateral damage is not relevant?   The Chemical Industry Scores a Big Win at the E.P.A.   via @NYTimes https://t.co/HLr726q6co,96
528,0.3182,0.0,0.0,0.315,@nytimes,2018-06-08 22:08:13,@CherylLMem @CarmineZozzora @nytimes @realDonaldTrump Sure #Trumpish,97
529,-0.4215,0.128,0.128,0.0,@nytimes,2018-06-08 22:08:12,"RT @THEHCC: @nytimes reporter @AliWatkins was exchanging sex for classified information since in college. As intern, she broke a big story‚Ä¶",98
530,0.7845,0.0,0.0,0.331,@nytimes,2018-06-08 22:08:10,"@AGAPE_99 @nytimes @poniewozik I like food that tastes good, and I don't like food that doesn't. I'm not thinking o‚Ä¶ https://t.co/PBbh1fcZ7W",99
531,-0.4404,0.112,0.112,0.0,@nytimes,2018-06-08 22:08:09,"RT @nytimes: When Jos√©, 5,  landed in Michigan, all he carried was a trash bag stuffed with dirty clothes from his dayslong trek across Mex‚Ä¶",100
